,telework_score,percent_freq_or_always_mask_use,percent_republican_2016_pres,population_total,percent_uninsured,percent_below_poverty_line,percent_households_more_people_than_rooms,percent_racial_minority,percent_without_high_school_diploma,percent_over_65,population_density,distance_traveled_from_home_percent_increase_jan_to_april,median_home_dwell_time_percent_increase_jan_to_april,median_non_home_dwell_time_percent_increase_jan_to_april,median_percentage_time_home_percent_increase_jan_to_april,percentage_completely_home_percent_increase_jan_to_april,start_date,end_date,num_days,starting_cases_100k,ending_cases_100k,net_cases,avg_new_cases
6001,0.4120833301360535,0.9179999999999999,0.14661009436528874,1643700,5.1,10.6,7.7,68.2,12.0,13.1,2229.35150547726,-43.93976583163367,21.847325250808808,-8150.757575757573,19.965951651344923,45.80719648787442,2020-04-19,2021-01-30,286,71.53,4440.19,4368.66,15.275034965034964
6003,0.3187703074957996,0.802,0.36046511627906974,1146,10.3,19.8,2.3,40.8,11.1,25.6,1.5521304358843162,-49.08870251372442,53.89302156929535,-808.6513994910943,36.28540887226082,56.86523789503646,2020-07-05,2021-01-30,209,96.25,6929.74,6833.49,32.69612440191388
6011,0.2477075780913476,0.851,0.5354342581423401,21464,10.3,13.8,6.9,64.3,30.6,13.8,18.652791529644308,-22.740659673099685,3.4804610261213575,-178.26086956521743,10.001479508803088,16.213385890067368,2020-08-09,2021-01-30,174,1715.3,9019.3,7303.999999999999,41.97701149425287
6013,0.3864484426806112,0.927,0.2487392073792031,1133247,5.7,9.1,4.8,55.6,10.6,15.0,1580.3603463152135,-47.57668280680832,22.58883160797683,-2965.965346534653,18.629659975419923,44.644464235974766,2020-04-26,2020-06-20,55,71.53,196.1,124.57,2.2649090909090908
6015,0.2674503000462051,0.7430000000000001,0.5371416614354467,27424,6.3,22.5,4.7,37.4,19.0,16.7,27.25427763808205,-10.72869904321406,5.827141181071564,-118.97344228804904,8.742097231305836,15.186657393028948,2020-05-17,2021-01-30,258,29.1,3211.49,3182.39,12.334844961240309
6019,0.2818480144813029,0.897,0.4393930270367917,978130,9.5,24.1,9.3,70.2,24.7,11.7,164.1682181314079,-14.500765910040373,7.9671052347870255,-353.1572997416022,13.904138513513516,28.262117289485374,2020-07-05,2021-01-30,209,620.61,8931.86,8311.25,39.766746411483254
6025,0.25995914072109083,0.9640000000000001,0.26416585223846456,180216,9.3,24.2,10.5,89.0,31.0,12.5,43.14919563023861,-14.711711162759638,13.515703127966873,-341.23752495009984,10.827326856784715,20.706082830961712,2020-07-05,2021-01-30,209,3895.39,14413.31,10517.92,50.324976076555025
6027,0.2792771206861695,0.947,0.5253524610437794,18085,6.4,10.2,1.9,37.0,11.2,22.9,1.7763596428596378,26.192707761180305,1.5525584130887768,-261.24925991711075,12.759489916963235,24.41382954867043,2020-05-10,2021-01-30,265,111.25,5829.67,5718.42,21.578943396226414
6041,0.43794380673283945,0.943,0.15631888449304604,260295,4.0,7.6,4.1,28.6,6.8,21.0,500.1282203136402,-63.14350879733541,29.556847636196604,-4011.6267465069873,20.215670215670208,44.53323920019578,2020-04-26,2021-01-30,279,86.17,4724.88,4638.71,16.62620071684588
6045,0.2975426317217871,0.992,0.29052485524455,87422,9.3,18.5,5.1,34.4,13.1,20.4,24.932429897962393,-24.1147384274701,9.01392100330184,-187.1580978322551,12.607766427588215,13.474650095586831,2020-04-26,2020-05-16,20,12.61,14.9,2.290000000000001,0.11450000000000005
6051,0.33620415492660555,0.95,0.4001137225170584,14174,16.6,10.4,1.4,34.9,11.3,14.3,4.648759956859796,-107.65467651635751,26.100296371731094,-412.2314552087556,27.085026510313877,26.866993216729345,2020-05-03,2021-01-30,272,181.69,7959.47,7777.780000000001,28.59477941176471
6053,0.26767654578519623,0.904,0.2615660230271048,433212,11.2,14.1,13.7,69.7,28.7,12.8,132.00764164853078,-21.265446582199267,14.568345323741006,-617.9154302670623,16.375121477162295,30.549556222783888,2020-05-03,2021-01-30,272,51.91,9096.47,9044.56,33.25205882352941
6059,0.3813552741715144,0.91,0.4234982100522663,3164182,8.4,11.5,8.9,59.0,14.9,13.9,3991.2423914038372,-34.83538783872226,19.98219755842296,-1570.772946859903,20.394420394420386,47.12773273281503,2020-07-05,2020-12-05,153,607.54,2750.91,2143.37,14.008954248366013
6063,0.2728126599933062,0.8170000000000001,0.5601488218272013,18699,3.5,11.7,0.9,16.7,6.1,26.7,7.32414870827921,-88.37899936046968,4.340922724696082,-72.73316062176161,5.036577425408837,5.604306247731659,2020-07-05,2021-01-30,209,58.95,2936.76,2877.8100000000004,13.769425837320576
6073,0.36874005544210703,0.9259999999999999,0.3657118799755052,3302833,8.7,12.5,6.7,54.1,12.9,13.3,784.7515690592427,-35.33492200172218,15.41726405862408,-1126.0154738878146,18.499758803666182,40.39938663142106,2020-07-26,2020-08-15,20,815.63,1037.58,221.94999999999993,11.097499999999997
6081,0.4174312151914737,0.912,0.1842619217262965,765935,4.8,7.0,7.8,60.4,10.8,15.4,1707.2552185436457,-55.417723393470105,26.159561779971515,-8240.451388888889,22.110929408558196,50.49392463733953,2020-06-21,2021-01-30,223,358.99,4621.44,4262.45,19.114125560538117
6083,0.3162566487137902,0.89,0.3188318079485932,443738,10.6,14.8,10.6,55.1,19.0,14.6,162.23607784597098,-18.27518025465764,12.568051018820976,-523.5810685893882,16.432171356572848,28.046557708226622,2020-05-31,2021-01-30,244,373.18,6370.54,5997.36,24.57934426229508
6087,0.34727803174001265,0.9059999999999999,0.17417967567399725,273765,6.2,14.3,7.3,42.5,13.6,15.0,615.0308933647062,-21.500531993037338,15.693836094712093,-1111.875,17.83698196337603,34.32149601998498,2020-04-26,2020-05-16,20,43.8,54.39,10.590000000000003,0.5295000000000002
6095,0.3155454604695258,0.8759999999999999,0.31255831873483714,438530,5.6,10.4,5.2,61.5,12.0,14.7,533.652780088484,-30.20483743589523,12.78993261989694,-706.7243675099867,17.63134152265945,35.210146975542706,2020-07-05,2021-01-30,209,351.49,6271.88,5920.39,28.327224880382776
6097,0.3343130689900691,0.944,0.22230198094727416,501317,6.9,10.3,5.2,36.5,12.0,18.2,318.1204047616615,-30.31405430777637,13.965142658232406,-800.0,18.61255636489768,34.577442661324234,2020-04-19,2020-05-23,34,36.22,96.44,60.22,1.7711764705882354
6099,0.26692204429703603,0.878,0.455973417912702,539301,6.5,16.1,6.7,57.4,21.7,12.6,360.4916903958505,-17.085268454379563,7.746461643852379,-300.09891196834826,12.014558818332816,27.399893824582872,2020-05-10,2020-05-30,20,92.23,132.18,39.95,1.9975
6101,0.2797860781727777,0.8320000000000001,0.5421949109566566,95872,9.6,16.0,6.4,53.3,22.0,14.8,159.1156929738906,-11.959563060335565,4.944809624209347,-316.45253390435386,13.87493319080707,26.492751024572016,2020-05-10,2020-06-27,48,34.34,158.15,123.81,2.579375
6107,0.2438516563065232,0.8210000000000001,0.5189791158509445,460477,9.8,25.5,9.8,71.0,30.2,10.9,95.44798089269872,-34.636439855989764,7.074786267640178,-215.6533333333333,10.529867178066633,20.222898337272735,2020-07-05,2021-01-30,209,1039.62,9509.68,8470.060000000001,40.526602870813406
6113,0.3316513870789119,0.9470000000000001,0.25263734925082226,214977,5.9,19.6,5.5,52.9,13.6,11.8,211.85594896450826,2.8873478066770843,6.288945398912526,-477.8721347694007,15.796349256787774,30.697522423322443,2020-05-10,2020-06-13,34,79.59,115.94,36.349999999999994,1.0691176470588233
6115,0.2858815589238653,0.8360000000000001,0.5726584920427863,75493,8.0,18.0,7.3,44.3,18.0,12.0,119.4479802909785,-36.25237038878281,10.214099907776164,-218.31387808041504,11.682126737036631,22.072924216719624,2020-05-10,2020-06-27,48,26.19,79.88,53.69,1.1185416666666665
11001,0.500327479482836,0.907,0.040874744593083774,684498,4.0,16.8,3.6,63.8,9.4,11.9,11196.400360342926,-5.6056008845708405,9.657252628740904,-1105.1954732510287,18.20560490256832,22.835374923690466,2020-12-20,2021-01-30,41,3840.28,5292.75,1452.4699999999998,35.426097560975606
17001,0.3030609105327846,0.54,0.7132797095552564,66427,4.7,12.1,1.0,8.2,7.4,19.5,77.67962620356653,-4.18846255941756,0.01945467061746403,-180.6437212624437,11.804736055385076,20.560455604535484,2020-05-03,2020-06-13,41,60.53,68.09,7.560000000000002,0.18439024390243908
17003,0.2800318625284597,0.6599999999999999,0.5256500351370345,6532,6.8,30.2,1.9,37.8,19.1,20.3,27.73425234376172,-74.79460617019829,-34.02087252530681,-95.44257979598551,-0.5925925925925932,8.746096254829643,2020-05-03,2020-06-13,41,63.9,271.57,207.67,5.065121951219512
17005,0.27780985255473506,0.7669999999999999,0.6491367861885791,16712,6.1,14.5,3.3,12.0,10.3,17.5,43.939774377340854,-18.16070866696814,-9.56539340138218,-235.78857885788585,12.852404643449415,32.89563808474749,2020-05-03,2020-06-13,41,36.17,72.34,36.17,0.8821951219512195
17007,0.2806128252222029,0.904,0.5339767836181035,53606,6.3,11.0,3.3,26.6,13.8,14.8,190.9301737816196,-11.314807425420804,3.7478991596638815,-512.9457364341083,18.81881881881881,40.58177939185412,2020-05-03,2020-06-13,41,257.77,971.29,713.52,17.402926829268292
17009,0.2753972890500058,0.585,0.7549390500210172,6675,5.9,10.0,2.4,26.1,15.7,14.2,21.836655484184643,-72.7187257313652,4.835091157585311,-227.6624375240293,12.322716589675027,20.234544495929534,2020-05-03,2020-06-13,41,15.09,150.88,135.79,3.3119512195121947
17011,0.2628036321013896,0.813,0.5600748295214532,33381,4.9,12.6,1.2,12.0,8.4,21.0,38.40943320601585,-13.157946378198064,-5.115104533709199,-256.34224755224324,11.560006138735426,31.334774920128613,2020-05-03,2020-06-13,41,36.23,69.44,33.21,0.81
17013,0.2716917364892502,0.639,0.6693893426682225,4858,2.9,12.8,1.4,3.0,9.4,22.9,19.139202161737348,-45.12078382791825,13.492215492406995,-289.92109038737436,18.46130885754794,36.116421255508364,2020-05-03,2020-06-13,41,20.7,20.7,0.0,0.0
17015,0.2624298939512074,0.7859999999999999,0.5955674949630625,14562,6.1,11.1,0.5,6.8,8.6,24.3,32.720419249962994,-67.859971330337,0.1537906040627563,-211.59792435671108,12.578286069942038,22.977516927629644,2020-05-03,2020-06-13,41,69.13,131.34,62.21000000000001,1.517317073170732
17017,0.2497205269765413,0.628,0.6276346604215457,12665,7.1,13.5,2.8,24.0,16.0,16.7,33.70582880941497,-44.65637876282709,-10.443735278474284,-165.71957326366208,9.59235466730114,1.291107048821044,2020-05-03,2020-06-13,41,320.18,600.34,280.16,6.833170731707318
17019,0.3281601722592314,0.853,0.3641681582049156,209448,4.8,20.9,5.0,32.3,4.9,11.9,210.2663439526297,-18.032191194594105,-12.76449216419932,-543.2117722328853,18.740902474526926,34.79655030135589,2020-05-03,2020-06-13,41,84.32,344.89,260.57,6.355365853658537
17021,0.29020952780958603,0.7929999999999999,0.6819975418849861,33231,4.9,13.0,1.2,4.9,11.2,19.1,46.837756515195636,-47.695048240781716,5.750557344562784,-324.0612715195879,17.645508621338738,38.697535424794296,2020-05-03,2020-06-13,41,85.03,106.28,21.25,0.5182926829268293
17023,0.2591071693347075,0.677,0.7091321897073662,15836,5.5,12.6,1.6,3.4,9.1,19.1,31.581755084315763,-44.26279162451332,-3.345379335424313,-286.61843971631197,16.044876993782104,36.336969386468375,2020-05-03,2020-06-13,41,31.81,76.36,44.55,1.0865853658536584
17025,0.2538917133699993,0.6779999999999999,0.7907086614173229,13338,7.9,16.0,3.4,3.8,10.1,19.7,28.48353150982441,-50.90457300936346,5.371611667648795,-184.2872469446777,15.290857652210974,33.02996200309056,2020-05-03,2020-06-13,41,15.05,15.05,0.0,0.0
17027,0.2900508404261941,0.7530000000000001,0.7125552557552098,37628,4.8,9.0,1.5,8.5,10.1,16.2,79.3833519113682,-39.59927781323756,6.826741996233504,-388.3628819313467,19.645247657295844,43.71637593693889,2020-05-03,2020-06-13,41,297.6,550.03,252.42999999999995,6.1568292682926815
17029,0.28060366492771177,0.632,0.5947491195169922,51736,6.3,21.5,1.1,9.0,9.5,16.1,101.7849098668555,2.7455391828985736,-3.189403865882525,-253.3798283261803,16.662767119014188,27.38841971794301,2020-05-03,2020-06-13,41,42.84,276.52,233.67999999999998,5.699512195121951
17031,0.35967962395769953,0.884,0.20998973879084507,5223719,9.5,15.1,3.4,57.5,13.3,13.9,5528.126574565039,-21.242510718294795,8.40385490342062,-1633.3798882681565,19.528619528619522,37.01652319467252,2020-05-03,2020-06-13,41,814.19,1627.1,812.9099999999999,19.827073170731705
17033,0.2534488641851961,0.611,0.719179651695692,19088,6.3,11.6,1.3,11.9,13.1,18.4,43.028460445697746,-52.753945298624885,-20.31233004428561,-187.2953896981529,9.350084561488275,29.37088078558657,2020-05-03,2020-06-13,41,52.71,89.61,36.9,0.8999999999999999
17035,0.2357593780239761,0.636,0.7555236213400395,10865,4.7,14.0,1.6,3.3,10.4,18.8,31.408995673213262,-26.06966490438704,7.393683427630348,-251.4592453616843,17.15651696841446,36.13852771935839,2020-05-03,2020-06-13,41,27.69,92.28,64.59,1.5753658536585367
17037,0.30809511800057626,0.9469999999999998,0.43786697247706413,104200,5.9,16.5,1.8,22.8,7.6,11.9,165.04474168441362,-8.863923637587659,-1.3762217200729838,-535.9113359836164,18.681478254556,34.58603235368208,2020-05-03,2020-06-13,41,119.77,473.33,353.56,8.623414634146341
17041,0.28181596288390925,0.7849999999999999,0.6975149957155099,19714,14.5,11.2,2.8,9.6,17.7,17.3,47.31384441953517,-31.738547276924013,-11.076682789197946,-311.343265503876,15.297562519784751,35.963542103559256,2020-05-03,2020-06-13,41,101.92,178.36,76.44000000000001,1.8643902439024393
17043,0.405091780164136,0.9229999999999999,0.3881227420825666,931743,5.9,6.8,2.4,32.7,7.4,14.5,2843.0487296534725,-37.77369563372253,14.604492876287193,-3148.977135980746,21.527777777777786,48.63530258407727,2020-05-03,2020-06-13,41,388.67,904.35,515.6800000000001,12.577560975609758
17045,0.2420125200993304,0.606,0.7170074939667217,17539,5.5,12.3,0.8,3.0,10.8,21.0,28.13512999528417,-11.056484638343454,-11.041763656114217,-264.69659657763464,12.907735321528394,32.966788059418825,2020-05-03,2020-06-13,41,0.0,5.74,5.74,0.14
17047,0.22918266955944624,0.534,0.8299970122497758,6507,5.6,10.3,1.3,3.4,8.5,20.5,29.255635459848172,-49.369267570639366,-1.7640626157271178,-224.23045622097752,15.674306115397902,27.6046481777887,2020-05-03,2020-06-13,41,0.0,30.98,30.98,0.755609756097561
17049,0.28953152139758964,0.6419999999999999,0.7743199500255551,34174,5.4,11.6,2.0,4.1,7.4,16.8,71.38097410638895,-12.93092084101868,-11.967875238807194,-253.66013071895412,13.61344537815126,30.963572557425927,2020-05-03,2020-06-13,41,17.58,23.43,5.850000000000001,0.14268292682926834
17051,0.2382978257457921,0.6990000000000001,0.7691184141888368,21724,8.1,17.9,1.7,7.9,17.0,18.3,30.3197932968106,-18.91227593442821,-3.2238493919114584,-227.58479352392655,11.430180180180171,25.11779337357815,2020-05-03,2020-06-13,41,74.19,102.02,27.83,0.678780487804878
17053,0.29097604321990705,0.7390000000000001,0.7004377736085053,13398,6.3,15.8,0.8,6.2,10.0,18.6,27.590798611250616,-51.66495000541212,-7.117848169048897,-281.67409057164065,12.982616303396876,24.73488204490319,2020-05-03,2020-06-13,41,67.82,165.79,97.97,2.3895121951219513
17055,0.2502457885572909,0.6160000000000001,0.7009780343113676,39127,6.5,19.6,1.5,4.1,12.3,19.8,95.68373135757037,-22.08729123486529,3.6159662215239576,-243.57694784288483,15.783314458286135,32.8268765629168,2020-05-03,2020-06-13,41,25.69,30.83,5.139999999999997,0.1253658536585365
17057,0.2494113564409725,0.643,0.5375704247641957,35418,6.1,16.5,1.5,8.1,11.9,19.6,40.91249266380372,-42.93985251128883,3.141441129417976,-239.41485864562787,14.76530690635323,28.04359724631044,2020-05-03,2020-06-13,41,8.55,34.2,25.650000000000002,0.625609756097561
17059,0.2533049856328581,0.611,0.7173993350572591,5157,3.6,19.6,1.3,4.3,12.0,23.5,15.96644662727707,-46.21869838371771,-0.009323140033561184,-158.90928725701946,9.407831900668581,14.97368540355751,2020-05-03,2020-06-13,41,39.49,39.49,0.0,0.0
17061,0.2373051490404651,0.725,0.7421665174574754,13218,6.4,14.4,1.2,3.6,12.1,18.8,24.341654674018844,-39.740509057165255,-7.7315670568905235,-118.69182775902628,4.791924186238148,13.98171000645707,2020-05-03,2020-06-13,41,22.84,53.3,30.459999999999997,0.7429268292682926
17063,0.2743743795765869,0.782,0.5789904032362181,50509,4.2,8.8,1.2,13.5,6.9,13.3,120.8095450459823,-33.39950464036202,0.18918472809455225,-571.7960808969925,18.899651719634324,44.27758676003168,2020-05-03,2020-06-13,41,84.87,254.61,169.74,4.140000000000001
17065,0.2485416379797144,0.583,0.7695631301008161,8221,6.2,9.5,0.7,3.7,11.5,21.0,18.914778718568,-32.0907581955666,-7.180489660002153,-175.979602791197,10.3510260138956,30.002044816484513,2020-05-03,2020-06-13,41,24.46,24.46,0.0,0.0
17067,0.2653311559084757,0.5740000000000001,0.7049665606841355,18112,3.0,11.9,1.2,3.7,6.8,22.4,22.819176504793703,-54.23020611568555,3.51258259524813,-132.01910922745182,10.114900378926778,12.190400289573462,2020-05-03,2020-06-13,41,44.49,100.09,55.6,1.3560975609756099
17069,0.2149448759796632,0.531,0.7695530726256983,4009,8.6,16.4,0.9,5.4,18.9,21.3,22.589464533275407,-9.8903533851784,-54.36808964252066,-5.723486028877139,-27.90179783824887,-49.152575580501185,2020-05-03,2020-06-13,41,25.39,25.39,0.0,0.0
17071,0.22074179726244444,0.759,0.6125639567936327,6884,6.7,8.2,1.2,3.8,9.9,24.7,18.17371328745048,-21.536190928313413,-0.5020799236224767,-62.70416545858703,5.9864807773553,10.493110714758927,2020-05-03,2020-06-13,41,73.43,117.49,44.05999999999999,1.074634146341463
17073,0.2880098560772336,0.8,0.5675039564988029,49464,4.4,11.9,0.6,9.4,9.8,19.9,60.102134333060036,-52.99230143898641,-0.29559213015513863,-400.72496263079233,17.57430346315518,31.814161691743386,2020-05-03,2020-06-13,41,101.49,146.14,44.64999999999999,1.0890243902439023
17075,0.25626339747722066,0.6659999999999999,0.7463257807715861,28169,6.0,14.0,1.7,9.9,10.8,20.9,25.209294328982875,-9.691243403905668,-4.983377434018584,-219.1301703163017,13.689864015541058,33.234037258537356,2020-05-03,2020-06-13,41,136.63,492.59,355.96,8.681951219512195
17077,0.28137332795615816,0.705,0.44046796928951537,58551,7.4,27.5,1.2,25.8,7.8,14.3,100.24626606166309,-8.133065527255576,-4.887366554900375,-160.01108237901738,12.317327766179535,24.00667105445097,2020-05-03,2020-06-13,41,239.75,539.87,300.12,7.32
17079,0.28852118060247056,0.634,0.7739485981308412,9598,7.3,13.1,1.5,2.8,10.7,18.7,19.405049794182656,-34.71653240587591,-3.746522350350471,-205.60853070849998,14.364376346660269,33.432997188159746,2020-05-03,2020-06-13,41,469.04,479.47,10.430000000000007,0.2543902439024392
17081,0.2579528193595075,0.6719999999999999,0.6879816459791752,38169,5.7,18.4,1.4,14.3,14.0,18.3,66.82170431840687,-14.297904011961323,3.172064331350547,-207.8782362459547,14.981403998140392,27.78081204431872,2020-05-03,2020-06-13,41,226.41,271.16,44.75000000000003,1.091463414634147
17083,0.28662123764969016,0.722,0.7049404057865526,22069,5.3,9.2,1.0,4.1,8.3,18.6,59.761356771259955,-40.54933467177948,6.896138162628914,-235.71029082774047,13.422612175786965,34.67557074100698,2020-05-03,2020-06-13,41,59.26,127.64,68.38,1.6678048780487804
17085,0.2836334867633924,0.643,0.5400564672666314,21834,4.7,8.3,1.3,5.2,8.2,26.4,36.3351551112891,-70.69643469543504,6.9456586551178425,-482.7479091995221,19.20224038752652,30.936745236638536,2020-05-03,2020-06-13,41,60.22,157.49,97.27000000000001,2.372439024390244
17087,0.2960982776305209,0.637,0.7635079651831171,12602,3.6,11.8,1.2,15.5,17.8,20.4,36.64168394572458,-45.158038807128754,7.370086144381518,-235.91954022988497,15.957038741848848,40.215246587211105,2020-05-03,2020-06-13,41,32.02,152.07,120.04999999999998,2.9280487804878046
17089,0.3335426920068461,0.9129999999999999,0.4150937716367139,530839,8.8,10.0,3.7,42.7,15.9,12.6,1022.104268331485,-22.333972426447808,1.6343058477605157,-1179.5334507042253,19.100110926234056,44.192116151755904,2020-05-03,2020-06-13,41,364.15,1341.05,976.9,23.826829268292684
17091,0.2723288551640053,0.7759999999999999,0.5312123454180321,111061,5.9,14.8,1.6,27.8,12.1,15.9,164.1706127201281,-14.919399800166614,-10.680949374213789,-398.85057471264366,15.64812779365429,33.96040415311491,2020-05-03,2020-06-13,41,323.58,1106.32,782.74,19.09121951219512
17093,0.34827203891099995,0.924,0.4670234063651842,124626,4.4,5.3,1.9,29.7,7.9,9.6,389.14096738019583,-40.091887913438725,8.117514706916374,-1536.786085150571,22.81976744186048,51.126053325269936,2020-05-03,2020-06-13,41,241.96,718.74,476.78,11.628780487804878
17095,0.25608319194968737,0.74,0.4827136627253518,50999,5.6,18.1,1.7,17.0,11.2,20.4,71.18400741562745,-15.8652976120225,-0.479553350310186,-278.54166666666663,14.852518924562766,25.36893791577808,2020-05-03,2020-06-13,41,100.97,219.77,118.80000000000001,2.8975609756097565
17097,0.3881804936752944,0.915,0.3616466789667897,703619,7.0,8.3,2.4,37.8,9.4,13.2,1584.9371236076315,-47.29183245041646,11.49282805029217,-2678.4559207094408,21.46282973621103,48.56479937963351,2020-05-03,2020-06-13,41,593.18,1287.72,694.5400000000001,16.94
17099,0.25725341717044986,0.8230000000000001,0.5365378043141749,110401,4.9,13.5,1.2,14.2,11.3,18.1,97.25376898260204,-30.243682407977637,-2.2656743346865107,-372.13039485766745,15.25743453173547,30.40314254206964,2020-05-03,2020-06-13,41,61.06,161.29,100.22999999999999,2.444634146341463
17101,0.2580384359035656,0.541,0.7418772563176895,16189,7.8,16.7,3.1,15.3,15.3,17.1,43.49800935856676,-51.10090691686469,-5.149379266241265,-247.77682403433468,15.373333333333356,31.93319308678994,2020-05-03,2020-06-13,41,24.95,24.95,0.0,0.0
17103,0.26503182615430976,0.8740000000000001,0.5560074891858738,34527,4.5,10.9,1.3,13.6,11.2,18.5,47.63374991854912,-27.414448226614407,-0.08319324108798781,-366.11970620409437,16.17430673457839,30.32519188530755,2020-05-03,2020-06-13,41,72.7,255.9,183.2,4.468292682926829
17105,0.2570387906099997,0.7440000000000001,0.6685441089789771,36324,5.1,13.8,1.5,10.8,10.7,18.3,34.8055628729632,-47.913073871078005,-5.604762596195736,-256.5406345067362,12.867506681939636,24.745415659311014,2020-05-03,2020-06-13,41,66.59,102.66,36.06999999999999,0.8797560975609754
17107,0.29575019779674233,0.679,0.6597048625110878,29207,5.0,8.5,0.6,13.5,11.1,17.7,47.25513890287929,5.641033090264653,0.19493712591291135,-308.4838432239833,17.25768321513002,33.042919746161,2020-05-03,2020-06-13,41,24.14,34.48,10.339999999999996,0.2521951219512194
17109,0.2852772575240673,0.772,0.519019248395967,30875,5.1,22.0,1.6,11.9,6.5,16.6,52.38312920122165,-68.98149835392444,-5.520148518167662,-177.6580217806221,11.277932960893853,8.420067803080943,2020-05-03,2020-06-13,41,114.83,341.22,226.39000000000004,5.521707317073171
17111,0.3543365026469639,0.892,0.5051992945326279,307789,5.4,7.1,1.5,18.5,7.2,13.5,510.0848594688735,-36.249201905603854,7.079801036397089,-1357.9664570230611,20.569960776146356,45.428989680963795,2020-05-03,2020-06-13,41,239.83,594.38,354.54999999999995,8.647560975609755
17113,0.3941857639685868,0.762,0.466424500532348,173219,3.8,14.6,1.3,20.5,4.1,12.3,146.39471228847378,-3.004316021473853,-1.1102964281973349,-745.0654582074521,21.105994073756737,40.312702324134776,2020-05-03,2020-06-13,41,57.37,139.65,82.28,2.006829268292683
17115,0.2976290349998746,0.835,0.5590095713691219,106512,4.9,16.2,1.1,23.5,9.7,18.9,183.45936307657533,-19.72317908486319,-4.0917167916227255,-282.83208020050125,14.498251878300955,29.51969847512446,2020-05-03,2020-06-13,41,115.61,196.16,80.55,1.9646341463414634
17117,0.28637817875156185,0.7879999999999999,0.6405187835420394,45719,4.4,13.4,1.2,3.8,9.0,19.2,52.98177013743082,-40.261191141309546,-5.552989910015847,-293.1279620853082,14.390768186446435,26.336917642166572,2020-05-03,2020-06-13,41,70.39,101.18,30.790000000000006,0.7509756097560977
17119,0.32010514714159866,0.8370000000000001,0.5414851857826531,265670,5.2,13.7,1.4,14.7,7.9,16.5,371.02206262759626,-18.831808839261026,3.3512064343163663,-440.2703239912544,18.310522123252948,38.73673271634972,2020-05-03,2020-06-13,41,137.85,267.02,129.17,3.1504878048780487
17121,0.2284506051648831,0.706,0.6945648354222795,38084,6.5,17.9,1.7,8.7,11.2,19.1,66.52799699589445,1.7947779032274396,2.818292121668552,-185.57811457439712,13.684536241974154,34.113911970030905,2020-05-03,2020-06-13,41,90.08,145.72,55.64,1.3570731707317074
17123,0.2752608965281053,0.736,0.6325200534759359,11794,3.7,11.2,0.8,5.2,7.2,22.7,30.489413732242504,-34.96660652836548,-1.322635389143084,-367.3909294705984,16.3807099107077,34.7033048656381,2020-05-03,2020-06-13,41,34.25,42.81,8.560000000000002,0.2087804878048781
17125,0.25305055766267337,0.439,0.6256552574776442,13778,4.8,15.4,1.0,3.4,11.2,21.7,25.547668728854042,-54.934185738786546,-6.250431421274241,-212.9725782897938,14.693136565940506,26.03729071181519,2020-05-03,2020-06-13,41,95.44,132.15,36.71000000000001,0.8953658536585368
17127,0.2836210864735356,0.629,0.7251234475534939,14430,4.5,18.0,2.4,11.5,13.8,21.1,60.830206459078134,-2.6388842592284,8.055521881440168,-229.53216374269005,15.362617250057195,34.40794313480073,2020-05-03,2020-06-13,41,28.13,49.23,21.099999999999998,0.5146341463414633
17129,0.3301499580984413,0.7120000000000001,0.6494244052187261,12367,2.4,9.6,1.3,4.3,6.6,18.8,39.33033141846405,-43.92272262026614,-3.8839810684470817,-741.913082437276,23.17259437049969,40.88325958916396,2020-05-03,2020-06-13,41,121.89,178.77,56.88000000000001,1.387317073170732
17131,0.2772321821100213,0.7859999999999999,0.5638709677419355,15693,2.4,11.4,0.6,4.5,8.6,20.8,27.963374790875683,-37.1258000209842,4.457447999104689,-228.29841449603612,12.892498066511966,28.524958026746035,2020-05-03,2020-06-13,41,51.32,115.47,64.15,1.5646341463414635
17133,0.3637572515635953,0.8440000000000001,0.6525266094864111,33936,2.9,5.0,0.7,3.6,4.0,16.7,88.07808686540557,-54.016622657424726,11.26958617918843,-613.0384887005649,22.47573518759961,47.759856264172896,2020-05-03,2020-06-13,41,219.5,319.01,99.50999999999999,2.427073170731707
17135,0.2888658549703009,0.841,0.6649714902142086,29009,4.1,15.9,1.5,8.0,13.4,19.6,41.226368551942365,-75.67106775648915,-8.82366178588575,-234.6525698602794,14.917202415741265,29.33918179524169,2020-05-03,2020-06-13,41,97.13,142.22,45.09,1.0997560975609757
17137,0.2926936433829613,0.711,0.6132432432432432,34426,4.2,14.6,1.0,11.5,8.3,19.3,60.524140548009385,-5.881330445175406,-2.7528095197587827,-230.1819113502434,15.163592196158804,25.930012402035658,2020-05-03,2020-06-13,41,70.08,306.6,236.52000000000004,5.768780487804879
17139,0.2762028592773952,0.633,0.7090561833519019,14703,14.9,9.2,3.3,3.1,14.7,18.4,43.764589482002535,-37.67074509944732,-1.3503315433215313,-214.60693961827056,15.261739799846039,31.35132809823783,2020-05-03,2020-06-13,41,34.15,88.79,54.64000000000001,1.3326829268292686
17141,0.27471610194890833,0.7729999999999999,0.5932294465341215,51328,5.5,9.9,2.2,13.0,10.1,17.8,67.66229676395037,-38.41656209415362,-1.067377665144363,-284.81631679389324,16.58896658896659,33.224891600693155,2020-05-03,2020-06-13,41,252.82,452.72,199.90000000000003,4.875609756097562
17143,0.3261597186883147,0.8280000000000001,0.4539062201444531,184463,5.8,16.3,1.2,29.9,9.6,16.0,298.15981592812983,-6.782760471839215,-0.7347808516110088,-444.47682486816535,17.299259578750604,32.45716234363909,2020-05-03,2020-06-13,41,58.0,211.19,153.19,3.736341463414634
17145,0.22393067335308445,0.75,0.6957271896884197,21384,3.8,16.3,1.0,14.1,15.6,18.0,48.40619302259851,-37.04727855816353,0.2268902512321179,-336.5182546749777,19.422468354430386,41.240210665706776,2020-05-03,2020-06-13,41,159.99,202.34,42.349999999999994,1.0329268292682925
17147,0.3081092507145793,0.8859999999999999,0.6254440497335702,16427,3.7,5.9,0.3,3.7,6.4,18.9,37.40616337890503,-27.447699587234464,0.9234251951298188,-337.84438389343035,17.001883239171363,37.368984603084016,2020-05-03,2020-06-13,41,42.68,67.07,24.389999999999993,0.5948780487804877
17149,0.26007648520846083,0.565,0.7641434262948207,15754,5.0,13.9,1.1,4.2,11.3,20.3,18.948687323022266,-68.07484495198854,-6.684129817483492,-149.28014905149053,8.250599817986258,15.795232601597846,2020-05-03,2020-06-13,41,6.38,12.76,6.38,0.15560975609756098
17151,0.20614224506087245,0.629,0.7833800186741363,4249,3.5,13.2,0.9,9.0,14.0,29.2,11.522094689458724,0.40571220225742816,-20.42769072694581,-156.50107901726432,7.450237379676815,6.684655857274895,2020-05-03,2020-06-13,41,0.0,23.79,23.79,0.5802439024390244
17153,0.2237899890611386,0.63,0.6124314442413162,5611,3.4,18.9,0.6,36.4,14.3,21.2,28.1697662757655,-61.20444636484642,-3.2781591378801407,-88.91478891478891,6.614317171465378,17.423846369800568,2020-05-03,2020-06-13,41,362.98,1070.78,707.8,17.26341463414634
17155,0.25590352637653585,0.7859999999999999,0.5679845708775313,5746,2.5,8.8,1.3,7.8,7.7,22.2,35.88990571173989,-37.00793692653605,9.003561998405315,-306.66465216223486,15.786430942523602,35.256713192666346,2020-05-03,2020-06-13,41,0.0,17.48,17.48,0.42634146341463414
17157,0.2491493470204985,0.843,0.7061434408905172,32546,5.5,12.9,0.9,15.0,16.6,18.0,56.570718001672994,-42.644677405608064,1.92581905316356,-213.0533484676504,16.39160080582676,37.153246578153684,2020-05-03,2020-06-13,41,554.27,860.81,306.53999999999996,7.476585365853658
17159,0.2430434409050644,0.631,0.7468766267568975,15881,4.5,15.0,0.4,4.6,12.2,19.8,44.10719782697853,-31.21889081387722,-6.147211779880023,-274.2298373139494,14.971521562245725,36.075223883893344,2020-05-03,2020-06-13,41,19.03,25.37,6.34,0.1546341463414634
17161,0.2967944326631322,0.831,0.4218833015595212,145275,5.9,14.8,2.0,28.0,11.1,18.3,339.90445365943424,-2.8207338003373765,-2.5386210953221253,-343.94983725828064,15.778337163912294,28.885254280386075,2020-05-03,2020-06-13,41,303.05,540.75,237.7,5.7975609756097555
17163,0.32725986634807896,0.905,0.4466495272847902,263463,6.6,16.4,1.2,38.1,9.2,14.8,400.56510794893205,-22.61316584082224,1.8923732302350176,-428.46934071000464,17.281006071118828,35.28632124728504,2020-05-03,2020-06-13,41,204.7,613.71,409.01000000000005,9.975853658536586
17165,0.2439763807544801,0.6659999999999999,0.7269852424455376,24231,5.1,22.2,1.9,8.5,13.6,19.7,63.78462740733212,-27.652214511576584,-3.693148404491167,-207.28333792849926,13.517683361025398,36.2207893436319,2020-05-03,2020-06-13,41,16.67,29.17,12.5,0.3048780487804878
17167,0.3701350214674989,0.7969999999999999,0.5077002836144064,197661,4.2,15.2,1.6,19.5,7.6,16.7,227.64240449717437,-15.344538212419911,3.4078547261124648,-706.8458417849898,19.696809448263704,39.019184728305135,2020-05-03,2020-06-13,41,105.66,191.51,85.85,2.09390243902439
17169,0.25785066662876976,0.615,0.6593521421107628,7064,13.9,21.4,0.3,9.4,10.2,21.3,16.154960928304213,-4.6854392641011255,3.7145774827674134,-233.5986733001657,14.127295829964211,35.680685488208866,2020-05-03,2020-06-13,41,14.38,186.97,172.59,4.209512195121952
17171,0.2823638993163525,0.682,0.7538343558282209,5047,4.0,12.9,1.9,2.9,7.4,19.4,20.11456424428755,-20.998763653129338,3.31923619120852,-101.08303249097473,11.5757999378689,16.657213967033066,2020-05-03,2020-06-13,41,0.0,0.0,0.0,0.0
17173,0.24223802129174146,0.7140000000000001,0.7474114441416894,21832,4.3,11.2,1.5,2.7,7.8,21.5,28.78259286707181,-30.117191818684358,-0.1495795601552203,-235.2004941087039,15.963060686015826,31.596564016398077,2020-05-03,2020-06-13,41,46.0,73.61,27.61,0.6734146341463414
17175,0.29475110634512025,0.8270000000000001,0.6481954064892453,5500,6.6,16.1,0.7,4.2,9.1,21.5,19.095490665671946,-33.3095525095191,-11.593504147916839,-274.223823503247,8.088726472552949,21.13857958696943,2020-05-03,2020-06-13,41,18.36,55.08,36.72,0.895609756097561
17177,0.2757517041973411,0.866,0.5448065673696112,45433,5.5,14.4,0.7,17.1,7.1,21.4,80.47421487117172,-12.997848493945767,3.6997692070554398,-399.70743124634316,17.684617629889072,28.02805445756216,2020-05-03,2020-06-13,41,139.71,505.62,365.90999999999997,8.924634146341463
17179,0.3307880332209536,0.775,0.6010403726708075,133852,3.7,8.6,1.2,5.9,7.4,17.8,207.0664571663345,-26.051304379376692,4.955781745369587,-538.9322916666667,19.045312668173487,38.21078609437406,2020-05-03,2020-06-13,41,35.29,66.82,31.529999999999994,0.7690243902439023
17181,0.2157693561691484,0.6609999999999999,0.6782242005388309,17127,5.7,18.1,2.9,9.0,12.3,20.0,41.42362682254626,-33.570315971677985,2.379889930090732,-175.7358324791331,13.115619136960607,26.176709837755343,2020-05-03,2020-06-13,41,165.02,1013.67,848.65,20.69878048780488
17183,0.2645358730152939,0.77,0.6243702976774615,78407,6.1,19.6,1.6,21.5,11.9,18.3,87.2847697921422,-1.9651530387575304,-2.7507086547546646,-262.54511877780567,13.566238121855779,22.977222457424,2020-05-03,2020-06-13,41,23.21,56.73,33.519999999999996,0.817560975609756
17185,0.2436600380461028,0.537,0.7406661786237189,11573,6.2,11.8,1.1,5.7,9.5,19.8,51.8343440258554,-46.2016782683322,3.0743172158397623,-311.9437243465112,19.313037573562685,41.42438460669243,2020-05-03,2020-06-13,41,8.66,103.93,95.27000000000001,2.323658536585366
17187,0.2510983215196942,0.7979999999999999,0.5475855001921353,17338,3.4,12.4,3.8,16.6,12.3,18.3,31.966754239293056,-34.90656916228351,6.099438851625668,-266.7487011211376,14.306549986740926,24.92725603857068,2020-05-03,2020-06-13,41,454.92,740.7,285.78000000000003,6.970243902439025
17189,0.2818411860452858,0.7829999999999999,0.7501009829002289,14155,3.6,8.2,2.0,3.9,7.9,19.3,25.161149577369727,-33.30312492692785,-7.506928661162089,-264.81832543443926,15.64609828858535,31.74848231499582,2020-05-03,2020-06-13,41,92.47,135.15,42.68000000000001,1.0409756097560978
17191,0.25729389520922713,0.645,0.8433603679941896,16487,7.6,14.1,2.0,3.7,11.6,20.8,23.09483256782961,-26.260274392737408,0.8249312557287058,-189.49429309339334,12.430122983548966,25.74860882448813,2020-05-03,2020-06-13,41,12.19,54.87,42.68,1.0409756097560976
17193,0.2481979406437857,0.5710000000000001,0.7689161554192229,14025,5.5,13.1,1.3,3.5,8.7,21.5,28.345556189122586,-77.23063007114794,-0.5543285262656344,-258.3414634146342,16.00872070388537,38.232302579332135,2020-05-03,2020-06-13,41,14.42,21.63,7.209999999999999,0.17585365853658536
17195,0.25891674634670764,0.867,0.4931201626143382,56396,4.9,10.6,1.0,15.3,9.7,19.9,82.42209067918384,-3.842716711349421,-1.9237557359689237,-377.28382147838204,17.502198768689535,29.93312620829932,2020-05-03,2020-06-13,41,164.24,289.2,124.95999999999998,3.04780487804878
17197,0.3285784127801933,0.8730000000000001,0.44107090633557533,688697,5.6,7.0,1.8,35.8,9.1,12.1,823.9156532603148,-28.544187994621147,7.7368073954946555,-1402.5343642611685,20.299189694577173,48.11284074034027,2020-05-03,2020-06-13,41,416.07,885.81,469.73999999999995,11.457073170731706
17199,0.2871141622678824,0.647,0.6771945246766294,67299,5.7,15.0,1.0,10.1,8.8,18.1,160.16685801956214,-16.330919358718752,0.9268858767764242,-268.8079817959041,17.691264549666606,39.234416502237174,2020-05-03,2020-06-13,41,50.67,122.2,71.53,1.7446341463414634
17201,0.294716783288324,0.8500000000000001,0.46989254578630796,286174,6.6,15.6,2.1,30.4,12.3,16.6,557.6049147893502,-11.568325856298516,3.9135340578419178,-478.57889237199583,18.438348335476512,32.97346943298428,2020-05-03,2020-06-13,41,203.29,958.5,755.21,18.419756097560978
17203,0.3273685017849841,0.759,0.6648711236407572,38817,3.7,7.2,0.9,4.4,5.5,16.9,73.54760306281209,-46.46995013877858,2.131548958055322,-568.6763129689173,19.27693261829191,41.002397735212405,2020-05-03,2020-06-13,41,33.59,64.6,31.00999999999999,0.7563414634146339
18177,0.2607387704950118,0.609,0.6266077641815552,66613,12.0,16.3,1.3,11.6,13.2,18.6,165.809485912773,-17.13357298037518,-21.015982474315802,-306.7180511942145,13.789805333633382,24.851450778762725,2020-05-31,2020-08-01,62,349.7,886.32,536.6200000000001,8.655161290322583
35001,0.3486577175939883,0.893,0.3447801297594862,677692,9.2,17.4,2.7,61.0,11.2,15.2,583.5855799186998,-22.40327902314263,0.8799192205305931,-473.31436454561117,14.769203664552515,26.66560705410866,2020-07-19,2020-09-12,55,556.9,890.75,333.85,6.07
35003,0.3771768374692793,0.871,0.7144948755490483,3539,7.7,22.9,0.4,18.5,6.1,38.5,0.5111072859823214,-31.215171918659927,-15.271365263021266,-45.01187648456062,2.63254956201016,13.035840847148428,2020-07-19,2020-09-12,55,113.44,311.97,198.53000000000003,3.609636363636364
35005,0.2652706414448107,0.778,0.6349958068176212,65459,11.7,20.6,3.7,60.5,22.0,15.4,10.789075576386097,-2.135975873133421,-4.4193541647078485,-93.69771489528944,8.076246334310845,15.499985564097154,2020-07-19,2020-09-12,55,302.41,1409.19,1106.78,20.123272727272727
35006,0.2795347435353005,0.924,0.3962544958452189,26978,11.1,26.5,9.1,80.4,17.4,15.2,5.942313829683278,-41.4457876680939,-109.65937490811797,-16.57811511701453,-13.544201135442018,-20.006582759145378,2020-07-19,2020-09-12,55,985.46,2718.38,1732.92,31.507636363636365
35007,0.28228094029994505,0.8490000000000001,0.4848087021755439,12353,8.1,23.8,3.0,53.2,10.8,25.5,3.287144165333556,-34.13649507208598,-21.20646766169155,-53.858024691358025,0.5830848053834929,8.937141025907973,2020-07-19,2020-09-12,55,90.4,189.02,98.62,1.793090909090909
35009,0.27061254489562103,0.7490000000000001,0.6757666417352282,50199,12.3,20.6,3.3,51.8,17.0,12.0,35.71740751753089,-24.593675072735728,-10.66847063539786,-156.47526721352224,11.752647762213865,23.67974928847402,2020-07-19,2020-09-12,55,607.25,1451.78,844.53,15.355090909090908
35011,0.2412172530274905,0.81,0.6813186813186813,2060,7.9,16.8,1.0,48.0,13.7,20.9,0.8867438541664571,-95.29075752184505,8.695566380262944,-42.52272246882266,-4.452359750667852,-22.69554611895001,2020-07-19,2020-09-12,55,0.0,98.04,98.04,1.7825454545454547
35013,0.2983983339449076,0.909,0.35916091042917,215338,11.3,27.7,4.1,72.5,20.6,14.9,56.546262684166784,-12.365271508685565,-1.7351322325144376,-250.36832412523026,10.694325021496141,21.02930393051236,2020-07-19,2020-09-12,55,799.74,1402.79,603.05,10.964545454545453
35015,0.2644306939492441,0.6379999999999999,0.6684801952509279,57437,10.2,15.3,4.5,52.4,15.5,14.2,13.752667266089524,5.351524090462137,-26.729824692791123,-108.41462492437992,7.035667219317262,18.033817066930933,2020-07-19,2020-09-12,55,313.52,1072.2,758.6800000000001,13.79418181818182
35017,0.2702689596420116,0.777,0.412770275544454,28061,4.1,21.8,2.8,54.0,12.9,25.6,7.083990019599447,-40.16610578997328,-29.85443348029956,-120.73774179037336,4.8348617013345345,7.575251082986427,2020-07-19,2020-09-12,55,177.09,354.19,177.1,3.2199999999999998
35019,0.3847614001190219,0.8639999999999999,0.3256704980842912,4382,2.3,14.5,0.9,81.1,20.1,22.6,1.446314290226424,-19.557608308343987,-403.7677224736048,-21.66337935568704,-144.62761604115508,-36.94234508187002,2020-07-19,2020-09-12,55,551.34,735.13,183.78999999999996,3.341636363636363
35021,0.3577312555617272,0.7290000000000001,0.5901328273244781,459,2.4,18.3,0.9,38.3,12.0,38.3,0.21595149749691067,-260.4118666507455,-146.03234017068428,-2.3952762923351303,-58.31180017226533,-56.7390480717965,2020-07-19,2020-09-12,55,226.76,453.51,226.75,4.122727272727273
35023,0.23121806948228354,0.722,0.4861111111111111,4371,4.9,28.1,1.7,59.2,20.8,21.0,1.2711992672017542,-0.7419185663754104,-59.48743969093271,-54.53398634609678,-7.320194522651661,-3.3207395417512964,2020-07-19,2020-09-12,55,1815.22,2280.66,465.4399999999998,8.46254545454545
35025,0.2404705759780909,0.7490000000000001,0.7054539295392954,70126,14.1,16.6,5.5,63.9,27.1,11.0,15.96869824359676,2.4671203014393344,-29.055277696054407,-103.22534637326815,5.05910766492947,16.46196126121007,2020-07-19,2020-09-12,55,537.87,1780.1,1242.23,22.586000000000002
35027,0.325553044777699,0.893,0.6623230734666367,19482,10.2,16.2,2.5,37.5,8.5,27.7,4.032611217300883,-58.8951540793201,-6.600945462930949,-101.74034754132994,9.073958980733373,13.271993839882045,2020-07-19,2020-09-12,55,184.99,909.51,724.52,13.17309090909091
35028,0.4728148247606576,0.8820000000000001,0.3085898024804777,18356,3.8,5.3,0.6,27.9,2.2,17.3,168.09511618009887,-84.29340644820293,7.353018579925259,-2424.5993589743593,14.06655733224,32.92388058057111,2020-07-19,2020-09-12,55,75.17,155.7,80.52999999999999,1.464181818181818
35029,0.224539521540255,0.825,0.4767649074708705,24264,9.8,30.2,2.3,69.9,31.4,20.6,8.182805885338661,-12.358519755067395,-5.945969369436287,-134.9480968858132,10.658034226866587,13.702523290657544,2020-07-19,2020-09-12,55,602.08,1486.53,884.4499999999999,16.08090909090909
35031,0.2668034798442552,0.923,0.2351748606183477,72849,20.9,36.0,13.5,91.2,24.6,11.5,13.36512992942736,-39.790318228989676,-27.978753025337845,-155.62712470925038,12.97267238639975,17.925907492480274,2020-07-19,2020-09-12,55,5182.36,5886.41,704.0500000000002,12.800909090909094
35033,0.20130941272074504,0.904,0.2724293322408849,4563,6.2,19.3,3.3,84.4,8.4,25.2,2.368853222642901,-55.568966198128685,-22.68469109450964,11.97272438947031,-32.462852073630515,-47.10111602832871,2020-07-19,2020-09-12,55,66.14,154.32,88.17999999999999,1.6032727272727272
35035,0.2789393738550096,0.753,0.5925722831505483,65745,10.3,21.2,2.2,50.7,16.5,16.7,9.942444051115745,-15.361531706389375,-10.157762903089997,-162.32450862414763,8.632987719685275,11.680017996141224,2020-07-19,2020-09-12,55,1477.24,1726.72,249.48000000000002,4.5360000000000005
35037,0.2799938837582311,0.7300000000000001,0.6192609182530795,8373,7.2,22.1,0.2,50.1,17.2,24.2,2.9134764501142763,-37.91204721104224,-40.971216128166795,-52.30075699583225,0.44865189764724855,-4.5306214542829135,2020-07-19,2020-09-12,55,264.23,828.73,564.5,10.263636363636364
35039,,0.8370000000000001,0.2419007931173545,39307,10.6,,2.1,87.5,13.8,18.0,6.706684399906659,-145.5973318398665,-14.574670824670827,-112.11571675302244,9.089516808331432,8.243137897292206,2020-07-19,2020-09-12,55,508.18,952.53,444.34999999999997,8.079090909090908
35041,0.2676165829592223,0.748,0.6527731092436975,19117,13.6,25.6,3.6,47.5,19.1,13.5,7.815457807701567,-9.314990666342027,-9.868570133695927,-108.35308576946714,11.971215012722633,17.23140119994368,2020-07-19,2020-09-12,55,471.2,1212.41,741.21,13.476545454545455
35043,0.3403288191904168,0.872,0.4199221916031772,140769,9.8,14.3,3.0,56.0,10.3,16.4,37.9420132961985,-52.11358176909502,-0.6337840050323426,-461.55398587285583,14.042883340386505,29.991385456302872,2020-07-19,2020-09-12,55,643.99,897.66,253.66999999999996,4.612181818181817
35045,0.2714664281238518,0.81,0.6060724354803729,127455,14.5,21.3,6.4,61.3,15.8,13.7,23.10139064542642,-46.490773371654036,-9.8067324180565,-138.67596960167714,10.518842581932624,17.387585400835636,2020-07-19,2020-09-12,55,2240.05,2555.43,315.37999999999965,5.734181818181812
35047,0.29341263407757834,0.919,0.2151427774160543,28034,7.3,27.7,1.9,82.1,18.8,19.7,5.937504139166213,-13.422277827400965,-46.64643445373022,-95.46952224052714,3.443983402489652,-1.049809736605858,2020-07-19,2020-09-12,55,115.37,320.86,205.49,3.7361818181818185
35049,0.3636910310959055,0.946,0.2006327519108548,148917,12.3,12.8,2.9,57.3,11.1,22.0,77.96310028561848,-23.835565904903444,-5.184095569225288,-455.57947613921766,16.089030206677293,24.68834411233622,2020-07-19,2020-09-12,55,279.99,598.82,318.83000000000004,5.796909090909091
35051,0.28292261787211165,0.898,0.5809689249179695,11135,6.4,24.9,1.0,34.9,15.3,35.2,2.663114599709973,-28.831568091318594,-40.66785927251046,-51.61375661375662,4.3085799367206254,0.669986940632001,2020-07-19,2020-09-12,55,181.31,344.48,163.17000000000002,2.966727272727273
35053,0.3405497825015153,0.939,0.3808969132207338,17000,12.0,29.1,2.2,65.3,20.9,18.5,2.557781935415201,-41.62854441441357,-35.56518242304599,-67.28555917480999,6.215015168995425,-4.492769839383988,2020-07-19,2020-09-12,55,385.57,462.69,77.12,1.4021818181818182
35055,0.3133879486736928,0.898,0.1787024901703801,32888,10.8,19.4,2.0,64.8,10.9,24.3,14.932991101578715,-81.9668692816665,-18.362168396770468,-124.2141937438461,10.144037973647599,12.546756235556426,2020-07-19,2020-09-12,55,210.46,378.21,167.74999999999997,3.0499999999999994
35057,0.27944314280900423,0.863,0.5872865275142315,15595,7.8,25.8,2.9,48.6,14.2,19.2,4.661880669067171,-49.527933570232975,-50.25699781989468,-71.91099962839094,2.340496418457428,4.4847399992624455,2020-07-19,2020-09-12,55,605.71,689.48,83.76999999999998,1.5230909090909088
35059,0.27028510000764416,0.635,0.7144535840188014,4175,15.2,14.1,0.7,48.7,20.0,19.4,1.0914858920891657,4.5007575107909625,-76.56422850568606,-65.13740102468556,-7.257563658947762,-37.897521386381285,2020-07-19,2020-09-12,55,338.74,774.26,435.52,7.9185454545454546
35061,0.28344990897493955,0.843,0.4789431719338939,75956,8.6,19.5,3.0,67.0,17.0,16.6,71.20361877796616,-78.02163676806191,-10.310884826043367,-311.63522012578625,14.321147417232831,22.560998038916715,2020-07-19,2020-09-12,55,360.4,737.9,377.5,6.863636363636363
36001,0.3920706072949596,0.93,0.3419151827218765,307426,4.0,12.0,1.0,27.4,7.3,16.1,588.0051599374065,-34.275119339260634,-0.9907484120409116,-691.9662671992899,19.27980944374385,25.713150191053888,2020-04-19,2020-06-06,48,222.17,636.22,414.05000000000007,8.626041666666667
36003,0.25607403176336396,0.8949999999999999,0.6700727583993152,47025,6.9,17.0,1.3,5.6,10.0,18.0,45.683752926840995,-27.914712784809552,-5.934792381886528,-216.99048775551503,11.274619935595016,-0.03107848724737501,2020-04-19,2020-06-06,48,64.26,109.24,44.97999999999999,0.9370833333333332
36007,0.3193176324312301,0.8780000000000001,0.475683148991542,194402,4.2,17.0,1.5,16.2,9.5,18.3,275.42882786312566,-17.884124737425736,-0.7919508483174336,-460.5195224265892,16.485197836606883,20.2558009878702,2020-04-19,2020-05-30,41,99.39,290.39,191.0,4.658536585365853
36009,0.2814918392510388,0.9490000000000001,0.6319437758736882,77686,7.0,16.5,1.9,9.3,11.5,18.2,59.37699885085337,-30.303678626369233,1.3762466791516157,-282.49574105621787,16.094923950888752,16.300860965583652,2020-04-19,2020-06-06,48,44.09,119.29,75.2,1.5666666666666667
36011,0.2960350342836725,0.894,0.5240564331363801,77868,5.4,11.7,1.0,9.7,12.3,17.8,112.59398502130439,-50.35432585654426,-7.1044663903113205,-329.2020928711576,14.165559982293024,17.363682741232402,2020-04-19,2020-05-30,41,46.5,116.24,69.74,1.7009756097560975
36013,0.2674603711892302,0.909,0.5825496920750821,129656,5.5,18.7,1.5,12.4,11.1,19.0,122.29117584806698,-23.77846148756501,-0.5919616818278169,-383.2988980716252,17.337831954723566,17.011639706882224,2020-04-19,2020-06-06,48,19.46,77.05,57.589999999999996,1.1997916666666666
36015,0.2963759086188467,0.85,0.5564107533431158,85740,4.6,14.8,0.8,13.6,9.7,17.9,210.48156758340647,-21.491263831276253,2.0984587950579487,-398.93617021276606,15.834755403868014,21.60095340996116,2020-04-19,2020-05-30,41,85.99,161.38,75.39,1.8387804878048781
36017,0.2876013728177033,0.8909999999999999,0.5913194444444444,48348,4.7,14.3,2.4,5.2,11.8,19.7,54.10522237809741,-12.633409208310974,-13.5477716466166,-199.78599554870755,13.170109074031105,13.56937191561116,2020-04-19,2020-05-30,41,162.81,275.52,112.70999999999998,2.749024390243902
36019,0.2823101689513418,0.857,0.4500545086435135,80794,4.4,15.3,1.2,10.0,12.1,15.9,77.85467949104908,-34.830563384844645,-15.009299366174805,-169.68657057881495,8.626990341947275,0.8393606768890737,2020-04-19,2020-05-30,41,60.81,117.89,57.08,1.3921951219512194
36021,0.3179931663167024,0.9520000000000001,0.4451491812827649,60919,4.7,11.9,1.4,13.4,9.6,22.3,95.98634794834419,-55.777926199729954,2.4105403465600332,-344.08303583234164,17.570140460538102,19.06603733847369,2020-04-19,2020-06-06,48,177.24,682.45,505.21000000000004,10.525208333333333
36023,0.2958250747302759,0.921,0.4890337877889745,48123,4.3,15.5,1.4,7.4,9.3,15.7,96.48283535463385,2.205817093735316,-8.963585434173671,-281.97774643472815,15.84523261169967,16.116031702310845,2020-04-19,2020-05-30,41,52.23,85.66,33.43,0.8153658536585365
36025,0.2760656637097259,0.8560000000000001,0.6033751010509296,45502,6.0,16.2,2.7,7.8,11.8,23.3,31.545603915611572,-63.47371974345225,-42.92702169625247,-135.9785202863962,7.530864197530844,2.74779313001132,2020-04-19,2020-05-30,41,108.9,175.58,66.68,1.6263414634146343
36027,0.3366162633472872,0.953,0.4719706111476011,293894,5.0,9.1,3.4,28.1,9.5,16.6,369.3773549556528,-31.10545292903052,1.0088404962380044,-782.085889570552,19.379682139606523,32.610300310066435,2020-04-19,2020-06-13,55,762.54,1378.36,615.8199999999999,11.196727272727271
36029,0.34090570527371555,0.927,0.4445039834759516,919866,3.7,14.5,1.2,24.2,8.6,17.2,882.1761369719808,-23.618739015817237,9.626949531371544,-998.3926342072413,19.124948282995426,29.911780388556185,2020-04-19,2020-06-06,48,225.16,699.29,474.13,9.877708333333333
36031,0.2835749626465976,0.843,0.4621907306307353,37751,3.9,9.5,1.7,7.9,8.9,22.0,21.041545745894766,-34.435406280066445,-22.44358840602969,-147.34078977402427,6.0315145623202495,-4.520976328036909,2020-04-19,2020-05-30,41,64.07,117.46,53.39,1.3021951219512196
36033,0.2577881429617785,0.83,0.4849575271354413,50692,6.5,18.2,1.9,18.3,13.2,15.9,31.11441283651925,-51.83043984797266,-3.7860208461066764,-275.2407528999781,15.597709896003186,14.624399011627435,2020-04-19,2020-05-30,41,25.75,43.58,17.83,0.43487804878048775
36035,0.27510117423792063,0.8470000000000001,0.6345809371169983,53743,6.3,15.5,0.9,7.0,12.6,18.6,108.47103096420857,-22.010083153277026,-12.00255664957161,-274.1981185537798,13.767003071522598,14.847279409009907,2020-04-19,2020-05-30,41,50.33,385.86,335.53000000000003,8.183658536585366
36037,0.2817214716206555,0.968,0.6399440072639225,58112,4.1,11.4,0.7,9.3,7.9,18.0,117.88941681225323,-36.38054458701141,-4.706089307372531,-446.285140562249,15.355038091131256,23.272673200132413,2020-04-19,2020-05-30,41,202.39,345.97,143.58000000000004,3.501951219512196
36039,0.3025085536565422,0.934,0.5928798185941043,47617,5.5,13.3,1.7,14.7,12.8,21.0,73.57826805773601,-48.233327116686404,-24.003981328940142,-206.72563110374045,9.415911379657599,9.051397421082005,2020-04-19,2020-06-06,48,179.23,518.72,339.49,7.072708333333334
36041,0.25338978820161634,0.882,0.64,4575,6.8,6.9,1.7,4.6,17.4,28.8,2.663949620502762,-29.849118817435443,-29.70093976572208,-292.75449101796414,14.092461255581837,21.195676302022587,2020-04-19,2020-05-30,41,66.45,110.74,44.28999999999999,1.0802439024390242
36043,0.27842493927059625,0.9159999999999999,0.6360312321462579,62505,5.9,14.6,1.7,5.4,10.1,19.6,44.28222109368189,-29.85186019487552,3.722927673247424,-371.8999437886454,17.21944323618965,23.14284740773825,2020-04-19,2020-05-30,41,78.96,172.42,93.46,2.279512195121951
36045,0.2856243007358664,0.8959999999999999,0.5691756459880739,114448,6.0,14.2,1.7,18.2,8.9,12.8,90.20922647874107,-56.081037658071565,-4.959728698601105,-202.11320401087062,11.546586613297732,15.737597952332075,2020-04-19,2020-05-30,41,47.85,65.58,17.729999999999997,0.43243902439024384
36049,0.2407231439788187,0.875,0.6534216335540839,26719,6.6,14.1,1.3,4.2,10.2,17.3,20.961976046341466,-16.091103095376813,-9.919763692673207,-261.13940165499685,13.774817424492626,16.019648287661862,2020-04-19,2020-05-30,41,30.11,75.27,45.16,1.1014634146341462
36051,0.2912807873644961,0.946,0.5757384036495621,63907,3.3,13.6,1.5,9.1,10.3,16.8,101.15677236867373,-25.50353846044832,-8.791464918348305,-379.6831955922864,15.65212673611112,24.023493100754923,2020-04-19,2020-05-30,41,61.33,185.56,124.23,3.0300000000000002
36053,0.3069580536619396,0.939,0.5300691857370942,71359,4.8,9.9,1.1,6.7,8.8,17.0,108.96760655706876,-34.09650917785894,-5.305029183657164,-449.1291727140784,17.80245300820087,26.373297778928908,2020-04-19,2020-05-30,41,148.87,436.77,287.9,7.021951219512195
36055,0.35247637832921563,0.914,0.3927139940768855,744248,3.8,14.7,1.2,29.2,9.7,16.3,1133.0177198607787,-26.22682751831271,3.499220304350162,-978.8778877887787,19.67173294468736,33.167637075174234,2020-04-19,2020-05-30,41,138.83,391.48,252.65,6.162195121951219
36057,0.2861012572100898,0.8390000000000001,0.5931038102235751,49426,6.6,19.9,1.9,18.1,14.2,18.1,122.60976400357605,-33.04154366148976,-9.571470821723755,-261.0432569974554,12.588498771853768,12.511762756988833,2020-04-19,2020-05-30,41,70.99,180.52,109.53000000000002,2.6714634146341467
36059,0.3749044766544484,0.9209999999999999,0.4526341239028082,1356564,4.8,5.7,2.6,39.2,8.8,17.1,4766.7299930866575,-41.242054652668855,23.88107616162372,-7603.357314148678,23.33674513817809,56.1105099924258,2020-04-19,2020-06-13,55,2212.52,3035.14,822.6199999999999,14.95672727272727
36063,0.3153282012056308,0.934,0.5623363130668168,211704,3.6,13.4,1.1,14.3,8.8,18.1,405.28959465221845,-39.0604729489652,4.918157208996377,-599.4655322862128,15.95796676441838,25.18459604994031,2020-04-19,2020-06-06,48,116.69,526.04,409.34999999999997,8.528125
36065,0.3112299213942255,0.927,0.5651858607390478,230782,4.2,16.1,1.7,17.6,11.4,18.0,190.36233480295311,-15.613829524280346,0.5423768115941959,-468.1810699588479,16.985992025687167,21.6619065020067,2020-04-19,2020-05-30,41,119.59,437.47,317.88,7.753170731707317
36067,0.3431635712656648,0.919,0.4013097294185377,464242,4.1,14.6,1.5,22.9,9.3,16.2,596.4158752308626,-26.847887417438386,-0.9776667041072264,-792.9763739085772,18.67798030588728,28.15453932178209,2020-04-19,2020-05-30,41,107.59,460.82,353.23,8.615365853658536
36069,0.3324327797385431,0.956,0.4980864173906388,109472,4.0,9.6,1.0,10.0,6.6,18.8,169.9759400680946,-51.01519267531947,-9.20219115119635,-621.0392569225378,18.287259401572566,30.55896863454865,2020-04-19,2020-05-30,41,63.92,188.11,124.19000000000001,3.0290243902439027
36071,0.3207151951645961,0.926,0.5041737654666132,378227,5.2,11.8,3.7,35.1,10.3,13.3,465.6129166512291,-51.30769346410983,10.180838535869258,-1369.8371146015124,20.913811007268947,37.81926321613718,2020-04-19,2020-06-13,55,1682.26,2783.06,1100.8,20.014545454545452
36073,0.2793400004854009,0.906,0.6676434676434676,41175,5.5,14.3,2.2,13.5,12.9,16.9,105.23612941758293,-13.71563391370961,0.965563230198736,-334.79498124434093,14.617826353569242,14.306487340381992,2020-04-19,2020-05-30,41,112.46,557.4,444.94,10.852195121951219
36075,0.27477882134128195,0.8849999999999999,0.5746782897467829,119104,5.0,17.9,2.4,5.8,12.2,15.3,125.15603708132154,-27.63711978840395,-6.9627242068821245,-326.76107480029043,15.697127559510887,19.771954845670347,2020-04-19,2020-05-30,41,39.72,91.26,51.540000000000006,1.2570731707317075
36077,0.2906974936092655,0.875,0.5184665731650304,60244,5.7,15.4,1.7,8.7,8.8,20.0,60.14013714119523,-21.04580389155402,-9.360188059739636,-232.4314574314575,15.33348483126917,8.896181903626788,2020-04-19,2020-05-30,41,80.04,118.39,38.349999999999994,0.9353658536585364
36079,0.3529946949887628,0.9570000000000001,0.5564730350266663,99070,4.6,5.3,1.2,20.5,7.0,16.2,430.14084510209915,-44.932276517537915,13.647702374607688,-2337.7192982456145,22.60631001371745,42.45506908879363,2020-04-19,2020-06-13,55,599.27,1300.78,701.51,12.754727272727273
36083,0.357913356765925,0.8909999999999999,0.4712836421564517,159431,4.3,12.0,1.6,16.4,8.4,16.0,244.3554894646928,-33.522417505244,0.5482391961759886,-590.8406934903501,19.37628902638505,26.77149390835455,2020-04-19,2020-06-06,48,108.68,313.47,204.79000000000002,4.2664583333333335
36087,0.3434854845940122,0.917,0.4509020112964238,323686,6.1,14.3,6.6,36.7,12.1,15.3,1866.3151417014328,-51.821586291101475,13.401283725234194,-2395.4907161803712,23.08909528723771,48.704829103110114,2020-04-19,2020-06-13,55,2886.36,4133.81,1247.4500000000003,22.680909090909097
36089,0.2669029438697809,0.85,0.5092701363706011,109558,5.9,17.7,1.9,8.0,11.3,16.3,40.89102261612487,-45.83024852469382,-15.071036181094918,-138.14432989690724,8.40850999849647,-2.9192654323314278,2020-04-19,2020-05-30,41,96.41,185.47,89.06,2.1721951219512197
36091,0.3670425337770045,0.907,0.478333654705769,227377,3.5,6.2,0.9,9.4,5.9,17.0,280.71396231418686,-43.680589739587695,3.2410192037797416,-966.5448343079919,19.131553330552094,35.021328913206375,2020-04-19,2020-06-06,48,109.85,219.25,109.4,2.279166666666667
36093,0.3506578273038768,0.9009999999999999,0.4303359096313912,154883,4.8,11.4,1.1,26.6,9.7,16.5,757.0796461552573,-28.568558301603126,2.4837409727486643,-794.8873702860036,18.296760710553816,25.101633994881354,2020-04-19,2020-06-06,48,173.06,458.48,285.42,5.94625
36095,0.3047544470270281,0.933,0.6285409252669039,31364,4.2,13.2,1.0,6.6,10.4,20.3,50.43914342327108,-42.18188493501886,-56.90805291088557,-170.39687082617826,7.45758073344282,-3.5946394215045787,2020-04-19,2020-05-30,41,64.06,160.14,96.07999999999998,2.343414634146341
36097,0.28032384195208765,0.909,0.5756953944368445,17992,5.6,13.9,2.2,4.8,10.7,20.0,54.79631831589785,-40.35321111250562,-25.4391825019794,-167.58196039274412,0.3418169837739973,-0.29337121040884434,2020-04-19,2020-05-30,41,33.48,61.38,27.900000000000006,0.6804878048780489
36099,0.29892965010266725,0.946,0.5175965665236052,34612,9.6,12.4,0.9,10.8,14.6,18.3,106.92308858881373,-22.313970777483373,-17.917502478614733,-251.52896486229812,14.619422572178474,20.095317035015274,2020-04-19,2020-05-30,41,52.34,168.65,116.31,2.836829268292683
36101,0.2803634791881881,0.875,0.6388029141469453,96927,5.8,14.0,1.0,6.3,10.0,18.5,69.70416450715562,-33.69751226684596,1.3704035634505485,-396.8205128205129,16.40925945926486,23.984562099033322,2020-04-19,2020-05-30,41,173.2,249.94,76.74000000000001,1.871707317073171
36103,0.34122661285962835,0.888,0.5145951436615418,1487901,5.4,7.1,2.6,31.9,9.6,16.1,1631.8696958949188,-29.99844987458076,17.109755211738204,-2081.2041116005867,21.78865145727953,49.6656208038373,2020-04-19,2020-06-13,55,1812.06,2737.17,925.1100000000001,16.82018181818182
36105,0.26899749552659,0.902,0.5318310799532632,75211,6.1,14.7,2.5,28.1,13.8,18.0,77.68633805345533,-27.99451217627182,-4.988430340478539,-344.25264012997565,14.505070188733717,13.594154684685426,2020-04-19,2020-06-13,55,714.89,1903.72,1188.83,21.615090909090906
36107,0.3156643986068334,0.953,0.5946454997981973,49045,4.4,10.5,1.3,4.9,9.2,19.2,94.57008567472452,-21.9017094017094,-4.205694102954381,-356.20403321470945,15.30412034009156,18.14625621559884,2020-04-19,2020-05-30,41,71.89,262.91,191.02000000000004,4.6590243902439035
36109,0.34230787209060465,0.931,0.24300576409391256,102962,3.7,19.6,1.5,22.6,5.8,13.2,216.926071643031,-24.618577415173345,12.127947076531381,-639.0039447731754,22.720850552788683,28.38699600287874,2020-04-19,2020-05-30,41,113.99,156.86,42.87000000000002,1.0456097560975615
36111,0.3245498662624358,0.918,0.41799520619507097,179303,5.9,13.9,1.8,20.5,9.5,18.6,159.48882468539782,-45.075061146256466,-0.8926593718158727,-429.43231441048033,16.59130871640292,22.32389925683681,2020-04-19,2020-06-13,55,477.99,973.33,495.34000000000003,9.006181818181819
36113,0.3084649532101882,0.853,0.5014964340295466,64480,5.0,10.5,1.2,6.0,8.3,20.9,74.35041020950094,-42.34092168893475,-19.47382796980532,-254.88079172289696,12.29704451926676,20.553477692873386,2020-04-19,2020-06-06,48,149.36,399.84,250.47999999999996,5.218333333333333
36115,0.27885824371543505,0.8109999999999999,0.5548760600130463,61828,6.4,12.0,1.8,7.5,12.3,18.3,74.3869737436451,-48.507635651927636,-3.5059192084163,-265.736885928393,13.939968052305046,19.733337019603567,2020-04-19,2020-06-06,48,102.25,389.51,287.26,5.984583333333333
36117,0.2962244440838199,0.9209999999999999,0.5891097840602716,90856,5.0,11.3,1.3,9.9,10.6,17.7,150.4664185221225,-27.566818851952267,-12.349291878277375,-363.7970791698694,15.404537827387482,21.055453001964832,2020-04-19,2020-05-30,41,55.24,124.84,69.6,1.697560975609756
36119,0.37384077243897307,0.913,0.3119848807217316,968815,6.8,9.2,4.1,46.0,12.2,16.4,2250.0869368873223,-62.96721951805778,14.104208802850803,-3790.3127383676574,22.629059829059837,47.07680629241172,2020-04-19,2020-06-13,55,2456.73,3535.18,1078.4499999999998,19.608181818181816
36121,0.2776075643983503,0.968,0.7192739044976297,40565,4.2,10.9,1.0,10.1,10.4,16.6,68.43523663982857,-36.469818331381404,-20.885167898588875,-155.37980589772303,7.11486224291811,6.734665212103215,2020-04-19,2020-05-30,41,89.32,208.41,119.09,2.9046341463414636
36123,0.2662417007215911,0.971,0.5622888933041923,25009,18.8,11.4,2.1,5.3,13.8,19.5,73.95991980433244,-45.501400082808466,-6.296214719486456,-384.7069597069597,17.068878833584723,12.764286640530445,2020-04-19,2020-05-30,41,35.98,155.93,119.95000000000002,2.9256097560975616
41001,0.2841881217762789,0.581,0.7082811254129172,15984,8.2,15.7,2.8,9.2,10.4,25.5,5.209967739745465,-17.538844431070522,-33.97523168051973,-42.57344493681272,-1.070371213846515,-4.539719614598906,2020-11-22,2020-12-19,27,1604.34,2459.58,855.24,31.675555555555555
41003,0.33930900662213737,0.9259999999999999,0.2757779008471273,89780,5.6,19.4,2.0,19.4,4.6,15.1,132.9716700201708,22.33835577941591,-5.319904448318169,-391.24531835205977,14.707785205952115,19.0440127938576,2020-11-22,2020-12-19,27,778.21,1327.01,548.8,20.325925925925926
41005,0.3605229908326345,0.889,0.4129714678166129,405788,5.6,8.5,2.5,17.7,6.7,17.0,216.920336995185,-31.548765272838985,4.573910821515269,-660.9820485744457,17.06975113915177,32.97637030564122,2020-07-26,2020-12-19,146,310.87,2177.54,1866.67,12.78541095890411
41007,0.2921575615673139,0.87,0.413852725793328,38562,8.7,10.5,2.3,14.3,8.4,20.8,46.56444223874765,-15.95697587898993,2.870168622406572,-287.68564356435644,14.327293895073867,22.129124479509137,2020-11-22,2020-12-19,27,851.62,1242.9,391.2800000000001,14.491851851851855
41009,0.2885274722281548,0.778,0.4965436922383349,50851,5.9,12.1,1.6,11.2,9.6,17.9,77.26776824517805,-41.49180241348375,-1.8212349905339844,-326.67483660130716,13.790947736934204,23.725747817545518,2020-11-22,2020-12-19,27,821.41,1420.92,599.5100000000001,22.20407407407408
41011,0.2690742492078592,0.6759999999999999,0.5705298118992111,63308,7.8,17.1,2.8,14.6,11.2,25.0,39.665781518290245,5.6238588030951515,1.1912649067373349,-148.2017861453053,8.684792692499816,11.340279087672375,2020-11-22,2020-12-19,27,601.39,1017.49,416.1,15.411111111111111
41013,0.2719147798387711,0.879,0.6992277357870522,22337,7.8,14.6,4.0,11.7,12.4,24.6,7.498420401194656,-19.4159770012341,-9.008258422860488,-122.75238771805195,10.380396121157665,14.977206064303768,2020-11-22,2020-12-19,27,825.69,1686.15,860.46,31.86888888888889
41015,0.2874363278270425,0.8170000000000001,0.5718816905875823,22507,6.6,14.5,0.9,13.5,10.9,33.1,13.821706350230592,-5.51130485058731,-20.968110641216146,-42.1233749681366,0.2587223680706049,-0.6133470690964907,2020-11-22,2020-12-19,27,463.58,1064.02,600.44,22.23851851851852
41017,0.3408156517846345,0.916,0.4636098907231349,180640,8.6,10.8,2.4,12.5,6.5,19.1,59.86218947206671,-6.4515627308712125,-0.6254765435822649,-359.49177877429,14.906988436400207,28.52566122386342,2020-11-22,2020-12-19,27,1026.03,1882.41,856.3800000000001,31.717777777777783
41019,0.29392909983949594,0.75,0.6461388987500234,108323,6.5,16.2,2.8,11.9,10.9,24.6,21.511245333892887,-26.24279920239448,-3.3556294180126662,-126.0706018518519,7.0663255848441215,3.6224614168544162,2020-11-22,2020-12-19,27,736.84,1170.34,433.4999999999999,16.05555555555555
41021,0.2916103542473415,0.939,0.6584887144259077,1907,9.3,10.7,1.3,12.1,9.7,25.4,1.5829393253197503,-188.4317362184441,-66.39944231439523,62.62135922330096,-21.03338495955945,-38.1289971568363,2020-11-22,2020-12-19,27,1118.21,1757.19,638.98,23.665925925925926
41023,0.33598707883926004,0.7909999999999999,0.7396313364055299,7183,6.2,14.6,2.5,8.4,11.2,28.3,1.5864253252491718,-69.36723507855056,-44.13517334020606,5.347411444141684,-13.69235176167285,-27.18932594697832,2020-11-22,2020-12-19,27,1697.04,2281.26,584.2200000000003,21.63777777777779
41025,0.35525636540215355,0.755,0.7327629592350277,7228,6.8,16.6,3.2,13.4,10.2,23.5,0.7132120451323424,9.611950816049896,-33.10145884424324,-57.508181393174404,2.440476190476204,-9.565594313800704,2020-11-22,2020-12-19,27,1183.43,1692.58,509.14999999999986,18.857407407407404
41027,0.2810295773955376,0.772,0.2999083409715857,23131,8.6,10.0,4.3,36.2,18.9,15.0,44.304753418456734,-52.16104625533919,8.20787230183203,-329.0092592592593,18.883017760164382,20.974999924222047,2020-11-22,2020-12-19,27,1555.43,2990.22,1434.7899999999997,53.14037037037036
41029,0.3085227664324085,0.8029999999999999,0.4927419576133984,214267,7.8,16.3,3.2,18.8,10.4,21.0,76.98434806456041,-8.455629707741442,-0.5077689294700456,-194.32367149758457,11.315404317599704,18.44919947214484,2020-11-22,2020-12-19,27,1549.59,2430.58,880.99,32.62925925925926
41031,0.2590606577496143,0.907,0.5796595834654826,23143,10.2,19.9,4.4,39.8,14.0,18.5,12.985364110992766,-26.02495460765019,-14.355842539287385,-57.757855494407956,2.8028262481945734,0.9064487351906684,2020-11-22,2020-12-19,27,3240.56,5320.46,2079.9,77.03333333333333
41033,0.2791500031830683,0.8440000000000001,0.6041965888689408,85481,8.1,18.6,4.5,12.9,9.8,25.3,52.16553252387581,-15.557351410864625,-0.8937237997142873,-200.90193820763767,10.259339862169012,13.408001093473995,2020-11-22,2020-12-19,27,499.7,1107.23,607.53,22.50111111111111
41035,0.2870338830959321,0.8099999999999999,0.6698462647916872,66310,8.5,20.3,3.4,21.6,12.6,20.2,11.158147170940271,1.6890378585440422,-8.186666666666635,-131.08593012275736,6.625713032031569,5.112164425976431,2020-11-22,2020-12-19,27,1023.59,2377.43,1353.8399999999997,50.14222222222221
41037,0.3071958351717876,0.8049999999999999,0.7689567430025446,7843,8.2,16.6,2.9,15.3,13.1,24.3,0.9636797088400276,21.118190241210943,-13.206657354012194,-24.319248826291094,-0.21188134644597545,-17.61059768138481,2020-11-22,2020-12-19,27,1250.48,2309.56,1059.08,39.22518518518518
41039,0.32381851805160405,0.8560000000000001,0.3497837978640271,368882,7.6,18.5,2.5,17.9,8.6,18.3,80.95547359631287,-1.6044666089870059,-0.2574696125980753,-338.9606892837912,13.486492235694532,22.000241109045806,2020-11-22,2020-12-19,27,1023.2,1649.97,626.77,23.213703703703704
41041,0.2950866844403941,0.941,0.39748970541653467,47881,9.9,16.7,2.2,17.4,9.4,27.1,48.838285958333614,-37.66964008138412,-0.5725074608685067,-299.753086419753,9.377429156950043,12.356916794216358,2020-07-26,2020-10-17,83,782.75,1044.35,261.5999999999999,3.1518072289156613
41043,0.29383892273016143,0.8230000000000001,0.5703094398746573,122870,7.1,14.4,3.0,14.6,10.1,17.9,53.722395841391794,-30.943899562247182,0.9034753492668434,-276.3367830961622,12.348353552859617,20.751831066493555,2020-11-22,2020-12-19,27,1007.61,1841.69,834.08,30.891851851851854
41045,0.2502818808414381,0.511,0.68941063727839,30431,9.6,23.0,5.5,38.6,19.1,16.1,3.0776602154546917,-44.50465157335586,-24.829570444216383,-72.04920492049204,4.5854444051686984,2.111002099846651,2020-08-23,2020-12-19,118,3409.84,8986.58,5576.74,47.26050847457627
41047,0.3092737027228332,0.906,0.46314674071908796,335553,8.5,15.2,4.8,34.2,14.7,15.0,284.23414267638793,-8.067553139862175,-0.15493813401165335,-282.99974823766377,12.919259100336115,20.480248047883816,2020-11-22,2020-12-19,27,2449.94,3634.13,1184.19,43.85888888888889
41049,0.22969504724119635,0.8869999999999999,0.6529877609791217,11215,9.8,15.5,8.8,40.1,24.7,14.8,5.5231929118934335,-9.526403812744716,-84.79393939393937,-38.58927050808972,-8.031694579506592,3.3621142252906786,2020-08-02,2020-10-03,62,2689.55,4591.7,1902.1499999999996,30.679838709677412
41051,0.3760078049329812,0.9159999999999999,0.17026682335136545,798647,7.1,15.1,3.6,30.0,8.7,12.6,1852.5554841668811,-12.360567456145167,4.7497103835131975,-761.007882882883,16.874696622980377,24.9729385265986,2020-07-26,2020-12-19,146,487.94,2855.19,2367.25,16.214041095890412
41053,0.3239500800672285,0.887,0.4700335029159946,81427,6.3,14.1,2.1,21.6,9.6,17.2,109.89936455923416,-48.66134630525665,-1.485965179432532,-292.6384364820846,14.172213871591149,25.557880591901004,2020-11-22,2020-12-19,27,1265.7,2078.59,812.8900000000001,30.107037037037042
41055,0.28374326170962355,0.9309999999999999,0.7197640117994101,1605,12.8,13.1,0.1,8.2,8.6,25.7,1.9487281418160936,-52.592903959350565,-17.194544313188363,-54.954954954954935,-7.385638782576994,10.554756487574991,2020-11-22,2020-12-19,27,1400.73,1766.14,365.4100000000001,13.533703703703706
41057,0.2634096552633299,0.7440000000000001,0.4736651452582772,26076,7.4,15.0,3.4,15.5,9.7,24.4,23.654518153301453,-40.27871935176666,1.9781457541724456,-178.55241605241605,8.992555103238367,11.579080817975225,2020-11-22,2020-12-19,27,420.63,958.73,538.1,19.92962962962963
41059,0.25475990357613104,0.865,0.6181469000253651,76898,7.7,18.1,6.2,33.6,17.8,14.9,23.91517755941105,-10.415164170426381,-9.721372020894554,-131.18945868945866,10.190422322775248,9.044638830201439,2020-08-02,2020-09-26,55,2587.87,3840.32,1252.4500000000003,22.771818181818187
41061,0.2806454249934721,0.7919999999999999,0.6501388032078964,26028,7.9,15.9,3.3,11.0,7.7,19.4,12.778121831975565,7.344086734699237,-10.615252784918589,-95.24454069662515,7.319234176971402,7.288352937634499,2020-11-22,2020-12-19,27,2623.69,3580.51,956.8200000000002,35.43777777777778
41063,0.30788678376068684,0.73,0.6523133302794321,6924,6.2,14.8,2.9,6.9,7.5,27.8,2.200963105598765,-114.12238330992676,-11.241939070491448,-35.629301868239914,-2.2028688524590145,-14.566706399194775,2020-11-22,2020-12-19,27,999.43,1085.09,85.65999999999997,3.1725925925925913
41065,0.2942116950970328,0.8779999999999999,0.4875459712470746,25866,8.3,13.4,3.0,25.0,14.2,20.0,10.862891989962566,-14.486028251019972,7.134837620331994,-136.28038194444446,10.562837316885114,7.672479184417679,2020-11-22,2020-12-19,27,1806.35,2939.15,1132.8000000000002,41.95555555555556
41067,0.40066814070301104,0.9249999999999998,0.30901601592678435,581821,6.8,9.6,3.5,33.7,8.4,12.6,803.3225898715201,-19.771584348847643,8.010686953765335,-1132.5368731563424,17.781007751937988,35.72050283852571,2020-07-26,2020-12-19,146,423.42,2436.38,2012.96,13.787397260273973
41069,0.2714731942794709,0.858,0.7224938875305623,1426,6.5,20.0,0.6,14.8,7.9,34.2,0.8309923096999668,-29.476760171275235,-11.47058631004982,-94.86820257368204,5.252604752267427,-7.736161877159118,2020-11-22,2020-12-19,27,141.34,848.06,706.7199999999999,26.174814814814813
41071,0.31385234767661224,0.8720000000000001,0.476893729616639,103820,6.4,13.7,3.9,22.7,11.7,16.3,145.02057189727734,-11.489910843845784,-1.2316729283274102,-387.2993050563144,14.763391095325241,23.91513032041527,2020-11-22,2020-12-19,27,1492.88,2254.1,761.2199999999998,28.193333333333324
42001,0.2825009785955655,0.8440000000000001,0.6616900755964539,102023,5.8,8.8,1.4,10.7,11.4,19.2,196.66683072564862,-17.246229992841734,-4.0588533739218775,-424.56614829839975,16.388251992575604,29.70440668998761,2020-04-19,2020-06-06,48,78.07,262.52,184.45,3.842708333333333
42003,0.3802645789852785,0.926,0.3991299987386828,1225561,4.3,12.1,0.9,21.2,5.7,18.1,1678.5819818967568,-27.305855337131142,6.042541893101396,-1487.2444968553464,20.921106980586536,35.189771747938984,2020-04-19,2020-05-30,41,84.71,155.27,70.56000000000002,1.720975609756098
42005,0.25658945701385444,0.741,0.7427414763742172,66331,5.0,11.7,1.0,2.8,10.5,21.0,101.55113696336643,-39.90481971681627,-5.033513160045746,-363.03540833809234,16.061348781937014,26.48827427564844,2020-04-19,2020-05-30,41,57.69,94.13,36.44,0.888780487804878
42007,0.3187241264687511,0.862,0.5763602206507042,166896,4.4,10.9,1.0,10.4,6.9,20.5,383.921432780985,-29.75635504241787,0.6475832942280789,-828.9832925835368,20.20255116344267,32.45059091882639,2020-04-19,2020-06-06,48,173.67,360.6,186.93000000000004,3.8943750000000006
42009,0.2443510302136556,0.7749999999999999,0.8271777298303508,48611,7.2,12.7,1.7,3.2,12.5,21.8,48.02026198808217,-10.348084303509784,-10.557812292579314,-138.21848554786237,8.042181934605972,11.3915773755429,2020-04-19,2020-05-30,41,31.03,80.68,49.650000000000006,1.2109756097560977
42011,0.295993763863453,0.893,0.5278234506869145,416642,6.7,12.8,1.5,27.5,13.5,16.6,486.5212464405292,-16.948552146083575,2.051564700838985,-706.7321688500728,19.09039667441697,32.84310593510707,2020-04-19,2020-06-20,62,454.04,1049.7,595.6600000000001,9.607419354838711
42013,0.3047119380005941,0.7440000000000001,0.7127246899415396,123842,5.3,14.6,1.0,5.3,9.1,19.8,235.5301353297709,-13.443833756750788,3.963028941729252,-344.92205410362226,16.52709183308281,20.674623824961873,2020-04-19,2020-05-30,41,11.37,40.6,29.230000000000004,0.7129268292682928
42015,0.2382395646172593,0.8909999999999999,0.7056558269799285,61304,6.8,12.0,1.7,4.0,11.1,20.3,53.427836389940424,-21.125907788660143,-12.975930748117378,-86.31288199341797,6.999114545600908,-3.2154238445468093,2020-04-19,2020-05-23,34,41.01,72.17,31.160000000000004,0.9164705882352943
42017,0.3755739342093832,0.9359999999999999,0.4773814468322408,626370,4.3,6.1,1.1,15.5,6.1,17.6,1036.302605784201,-39.42820081335017,15.903807032839296,-2489.867424242424,22.022341008771928,46.46779565753168,2020-04-19,2020-06-20,62,300.89,883.05,582.16,9.389677419354838
42019,0.34629095950845395,0.841,0.6637203696263559,186566,3.5,8.3,0.8,5.1,5.4,17.7,236.580387819532,-50.42582392456522,2.0289102287987406,-861.8464478026747,21.45800316957213,41.44597468350712,2020-04-19,2020-05-30,41,86.14,122.53,36.39,0.8875609756097561
42021,0.2790515965087249,0.758,0.669996194824962,134550,4.6,15.4,1.1,7.2,8.7,21.4,195.46431065433117,-7.5441856714536115,-0.9497473149345572,-285.11705685618716,15.60283687943263,16.984640425226587,2020-04-19,2020-05-30,41,14.28,42.85,28.57,0.6968292682926829
42023,0.2529738054255866,0.7909999999999999,0.7268984446477584,4686,3.1,14.3,0.6,3.8,9.0,26.2,11.826441981969133,-31.074701954422412,-7.10964774400636,-74.5731707317073,3.5013531799729094,-15.053064406944367,2020-04-19,2020-05-23,34,21.69,43.37,21.679999999999996,0.6376470588235293
42025,0.26696685883767995,0.909,0.6513413956074506,63931,5.2,12.5,1.7,7.9,10.4,20.1,167.59550326702268,-22.762606380597123,0.3673258171514874,-433.6108028116906,13.08724832214764,21.574366555204183,2020-04-19,2020-06-06,48,219.14,388.19,169.05,3.521875
42027,0.32624026799403505,0.893,0.4632295004464989,161443,5.5,18.4,2.3,14.5,5.7,13.3,145.4622687428295,-27.494233126121692,0.9959647161920367,-415.6552583644905,20.37490265880518,28.15992332581787,2020-04-19,2020-05-23,34,45.07,88.29,43.220000000000006,1.2711764705882356
42029,0.416388833798748,0.933,0.4319717261904762,517156,5.9,6.8,1.3,20.2,6.7,15.4,689.0599298820404,-55.83683827191413,12.939439461553164,-3129.6948356807507,22.717316906228614,44.79551042251856,2020-04-19,2020-06-20,62,168.8,673.45,504.65000000000003,8.139516129032259
42031,0.2479842094085403,0.76,0.7171941830624465,38827,8.0,16.2,1.0,3.9,10.4,18.7,64.62161562675033,-8.624429049150343,-15.382207672869274,-164.91793060461254,12.391875193080015,9.673609715378351,2020-04-19,2020-05-23,34,46.49,72.32,25.82999999999999,0.7597058823529409
42033,0.2532297875191259,0.718,0.7274955501736162,80216,5.7,14.9,1.1,6.9,13.1,19.7,70.07709189475615,-27.700000109674765,-6.046972776914176,-209.51492537313442,14.588023412877073,16.124511298704576,2020-04-19,2020-05-23,34,13.77,42.55,28.779999999999998,0.8464705882352941
42035,0.25527250093894394,0.8859999999999999,0.6510328699493311,39074,7.9,17.4,1.0,4.8,11.3,18.0,44.00305563506733,-33.354690911279825,-14.324932827816195,-192.84946236559142,9.379092519836693,10.355033849477731,2020-04-19,2020-05-23,34,28.27,125.92,97.65,2.8720588235294118
42037,0.2784534469950983,0.884,0.6378064333286099,66220,4.7,14.3,0.5,6.7,10.0,18.4,137.07120991911842,-21.834201556370157,-15.707286540619874,-261.14446870451235,13.344645550527881,17.184401562615324,2020-04-19,2020-06-06,48,307.39,549.34,241.95000000000005,5.040625000000001
42039,0.25680126165027506,0.8240000000000001,0.6664621785981011,86164,9.4,14.1,1.2,5.1,10.7,19.4,85.1169369788475,-29.80292633938394,-11.422355983304891,-310.2992238562091,16.822551312029105,18.82918721231285,2020-04-19,2020-05-23,34,18.68,24.51,5.830000000000002,0.17147058823529418
42041,0.3737386823209956,0.754,0.5679798054548295,247433,5.8,7.4,0.9,13.7,7.7,17.8,453.5901224829921,-23.453164995030466,-4.300071026002929,-935.1889567775515,19.80772592204159,33.248325196254804,2020-04-19,2020-06-06,48,73.0,266.72,193.72000000000003,4.035833333333334
42043,0.34385406238394634,0.6859999999999999,0.4650574607249832,274515,5.9,12.7,1.4,33.6,10.3,16.1,522.9789394156891,-28.0433493373082,-3.3138974050409296,-612.8392705682783,18.19867086393845,29.981426982204628,2020-04-19,2020-06-13,55,133.51,582.66,449.15,8.166363636363636
42045,0.3662949879075384,0.937,0.3718224396406325,563527,5.4,10.0,1.5,32.6,7.2,15.7,3065.669269101321,-30.58950490093691,13.246287175963031,-2146.5447154471544,21.110196804498386,41.0293468651014,2020-04-19,2020-06-20,62,435.74,1252.14,816.4000000000001,13.167741935483873
42047,0.2306263972099805,0.845,0.6949258283654512,30608,3.1,9.8,0.7,2.6,7.7,21.1,36.99473435494488,-17.998884635438515,2.1592541557946574,-358.7326120556414,18.771244666232697,19.49095239153312,2020-04-19,2020-05-23,34,6.59,19.78,13.190000000000001,0.3879411764705883
42049,0.3011564593746694,0.902,0.4856847160795285,275972,5.5,16.3,1.3,15.5,8.7,16.8,345.36053096896273,-16.805992897811095,-5.122025162952875,-402.5265214963706,17.260362694300515,24.475450276509797,2020-04-19,2020-05-23,34,21.18,76.69,55.51,1.6326470588235293
42051,0.26266919794756777,0.7390000000000001,0.6433314114605613,132289,5.3,17.7,1.8,8.1,11.4,20.1,167.3827487176085,-24.848239375870055,-1.855349901558626,-272.15355805243445,15.31531531531532,21.753923926249584,2020-04-19,2020-05-30,41,50.27,72.35,22.07999999999999,0.5385365853658535
42053,0.24834536099827265,0.8180000000000001,0.7009579341940858,7351,3.4,14.5,0.9,38.5,17.6,22.1,17.204589490207262,-17.100603724440713,-11.676832763187273,-208.57142857142864,12.864503398377568,13.645863648544164,2020-04-19,2020-05-23,34,95.72,95.72,0.0,0.0
42055,0.28575949375238274,0.855,0.7137141300139106,153751,9.8,10.3,1.3,11.6,12.6,18.8,199.10185425616768,-23.279394672833337,-6.714533048171935,-245.3543138514238,12.838182746299136,17.646950541198738,2020-04-19,2020-06-13,55,72.01,546.88,474.87,8.634
42057,0.22742018762936475,0.7889999999999999,0.8409392999556934,14506,6.9,11.4,0.9,3.8,12.7,20.6,33.15269372280292,-15.574696069806333,-11.861521570523472,-140.84595959595956,8.710976837865065,13.149187350191488,2020-04-19,2020-05-30,41,13.79,103.41,89.62,2.1858536585365855
42059,0.2609458999966897,0.599,0.6882136513575234,37144,5.2,14.2,1.0,6.5,12.6,18.0,64.49185096422245,-9.053962467453212,-4.102935097147586,-297.80835881753325,16.355665467625904,21.212411836318125,2020-04-19,2020-05-30,41,65.09,73.23,8.14,0.19853658536585367
42061,0.2558767929426643,0.715,0.7355120267938698,45421,5.3,13.3,1.1,9.2,10.9,20.0,51.93040899288084,-29.964753435297087,-16.501246558670992,-215.2710246713488,10.824820279984856,9.427373990443993,2020-04-19,2020-06-13,55,28.65,526.79,498.14,9.057090909090908
42063,0.26473385917231784,0.872,0.6589356632247816,85755,8.7,16.8,1.6,6.1,10.3,18.2,103.63509174027028,-28.99396611428068,-2.418515786088588,-207.0914033299355,13.6834685868861,13.788657698488793,2020-04-19,2020-05-30,41,59.98,107.02,47.04,1.1473170731707316
42065,0.23280655300130695,0.728,0.7799568744224253,44084,7.5,13.9,1.0,2.8,10.3,20.1,67.56880734823109,-25.25573118000453,0.6529773325326473,-233.32893114985023,16.857047798602654,14.866060166902358,2020-04-19,2020-05-23,34,4.56,15.96,11.400000000000002,0.3352941176470589
42067,0.2521948757301977,0.774,0.7913717237421083,24562,10.5,11.9,2.2,5.6,17.0,19.4,62.7621949817596,-49.690633699580175,-11.935881496594305,-410.2085620197583,13.429590017825316,22.429336401101686,2020-04-19,2020-06-06,48,284.28,389.86,105.58000000000004,2.1995833333333343
42069,0.31280521075080997,0.9490000000000001,0.4676770801113517,211454,5.0,15.1,1.5,14.2,9.1,19.3,460.9123375413677,-12.806825388760002,6.501816149762492,-704.8721071863582,17.502974315907313,29.74730221053893,2020-04-19,2020-06-20,62,301.92,769.99,468.07,7.549516129032258
42071,0.2989359054737393,0.8960000000000001,0.5719914396628952,538347,12.0,10.0,2.0,17.7,15.1,17.1,570.3639662485399,-25.92277946868137,-1.603733325991481,-598.9096573208724,18.196953595465807,30.357051415139484,2020-04-19,2020-06-20,62,219.59,729.95,510.36,8.231612903225807
42073,0.2824709249438156,0.804,0.6239540647314308,87382,5.1,14.1,0.9,7.9,9.8,21.1,243.9609999548803,-50.80611699594277,2.133941925834239,-634.7378277153557,18.34570519618241,30.408177084604826,2020-04-19,2020-05-23,34,68.03,85.33,17.299999999999997,0.5088235294117647
42075,0.2746447153816395,0.903,0.6552672002587113,138674,9.4,10.4,2.3,17.3,13.0,18.8,383.283460123412,-31.903844561346922,1.0739543076478213,-536.9306930693069,16.656048701068876,29.69760828588356,2020-04-19,2020-06-13,55,346.38,831.61,485.23,8.822363636363637
42077,0.3160301965920553,0.929,0.4577217643003112,362613,7.0,12.5,2.0,34.5,11.4,16.2,1050.434300236854,-21.710594124442924,5.979810216030692,-1146.5072463768115,19.381614442830465,36.54624937441,2020-04-19,2020-06-20,62,603.48,1115.46,511.98,8.257741935483871
42079,0.29512754326487395,0.915,0.5829474822755458,317884,5.5,14.9,1.2,17.3,10.7,19.4,357.0346575850437,-22.206829359746557,2.858562005665753,-573.785839672323,15.702566259991574,27.100386781820784,2020-04-19,2020-06-13,55,548.07,888.99,340.91999999999996,6.198545454545454
42081,0.2835616747902641,0.821,0.7045782655987343,114859,5.9,14.2,0.7,9.4,10.2,18.5,93.47620165277162,-13.63556026864616,-5.1937256742748685,-372.8070175438596,16.079632465543643,18.336674826154198,2020-04-19,2020-05-23,34,32.36,138.2,105.83999999999999,3.112941176470588
42083,0.2548281976339261,0.9540000000000001,0.7139788905252823,41806,4.8,16.8,0.9,6.5,8.9,18.5,42.694868257833626,-46.1622235934335,4.3147615544110565,-315.25423728813564,17.81274700007186,14.667484069402569,2020-04-19,2020-05-23,34,9.66,26.57,16.91,0.4973529411764706
42085,0.27205835880075896,0.835,0.6030319830239538,112630,6.4,14.2,1.6,9.8,10.2,20.7,167.45915426573245,-28.01667679427452,-10.168243299311273,-298.8786952089704,16.6813025978778,21.16388764092137,2020-04-19,2020-05-23,34,52.91,92.36,39.45,1.160294117647059
42087,0.2337734786676547,0.7380000000000001,0.7577011988602763,46362,12.5,14.4,1.6,4.0,14.8,20.8,112.7905525669772,-48.41981537950288,-12.93874874643213,-145.82838597324468,9.179650479548114,10.398897321835099,2020-04-19,2020-06-06,48,43.22,127.5,84.28,1.7558333333333334
42089,0.30957732504817875,0.883,0.4786386053446496,167586,7.1,11.5,1.6,33.2,10.6,16.3,275.5185182196437,-36.13210411142337,9.850386484978888,-1166.4600550964187,17.880258899676367,32.344930412406676,2020-04-19,2020-05-30,41,573.11,784.37,211.26,5.152682926829268
42091,0.4051476878849956,0.921,0.3743636225606011,821301,3.8,6.2,1.2,23.9,5.8,17.0,1700.5650347694104,-42.48915180965693,16.924679756111193,-4269.548286604362,22.932485122101358,48.17249239452449,2020-04-19,2020-06-20,62,353.6,980.31,626.7099999999999,10.108225806451612
42093,0.2737000326282448,0.8570000000000001,0.6180458158017765,18294,5.4,11.1,1.7,8.3,9.3,20.4,140.4612362176289,-50.02605426195907,6.370675557242131,-243.81364073006716,15.170187793427242,24.88915803116701,2020-04-19,2020-05-23,34,262.88,273.84,10.95999999999998,0.32235294117647
42095,0.32099425469449383,0.94,0.4998362586138421,301778,5.5,9.1,1.0,22.7,9.4,18.2,816.3985404881067,-20.74247941475578,7.641129270512048,-1146.4813322589307,19.758343719706406,38.155093195135954,2020-04-19,2020-06-20,62,475.88,1091.12,615.2399999999999,9.923225806451612
42097,0.2621765813837857,0.846,0.6943094314892687,92325,5.9,13.9,1.5,7.2,12.9,20.5,201.58225614802552,-45.3322855805448,-1.4512827510917,-217.2475707646811,12.942110581781444,18.11235908965732,2020-04-19,2020-05-23,34,73.02,178.73,105.71,3.1091176470588233
42099,0.2956019614087345,0.848,0.7380659797712449,45924,9.0,8.5,1.2,4.4,12.5,17.4,83.27892719363528,-56.279739723671405,-9.494593609524973,-348.2113316790736,16.904814244889,24.496355066205965,2020-04-19,2020-06-06,48,43.43,145.48,102.04999999999998,2.126041666666666
42101,0.3299424694521195,0.914,0.15367896544950688,1575522,9.1,24.9,2.6,65.4,16.1,13.2,11737.23995432432,-15.606831832606176,10.831127557492854,-1420.3484549638401,15.463458110516926,25.597308488419646,2020-04-19,2020-06-20,62,583.51,1573.14,989.6300000000001,15.961774193548388
42103,0.3094126951825781,0.942,0.615148844871844,55498,6.0,10.0,0.9,19.3,7.1,21.4,101.83861353754604,-43.34880677942007,10.86969878500222,-892.4576271186438,15.662650602409661,33.039272816247355,2020-04-19,2020-06-13,55,542.8,869.2,326.4000000000001,5.934545454545456
42105,0.2498502660226704,0.867,0.8030575539568345,16937,7.2,14.3,0.8,3.4,11.9,22.8,15.663232101590829,-25.498269301877325,2.520202872464078,-188.8845922488614,9.943351222421015,18.04088991595618,2020-04-19,2020-05-23,34,23.8,23.8,0.0,0.0
42107,0.2548675208840701,0.884,0.6998838855397732,143555,6.1,12.7,0.7,8.6,11.4,19.7,184.3684608515253,-10.235383767829216,0.9235947198181604,-401.2345679012346,15.584694754944115,24.593255095862933,2020-04-19,2020-06-13,55,182.93,477.31,294.38,5.352363636363636
42109,0.2690218475123821,0.7979999999999999,0.7165556438305934,40466,11.9,10.6,1.4,4.9,14.4,17.8,123.07811924562608,-28.19785991416182,1.5533528016561915,-250.27731558513588,15.605059890294404,24.472757232753075,2020-04-19,2020-05-23,34,66.69,93.87,27.180000000000007,0.7994117647058826
42111,0.2623506005524444,0.731,0.7653537584211556,74949,7.4,12.4,1.1,5.6,11.9,21.3,69.76124537914124,-26.867201768896624,-2.522115026767056,-218.5865528956309,13.78859236002092,11.24502216266302,2020-04-19,2020-05-30,41,24.21,51.1,26.89,0.6558536585365854
42113,0.2340571543760332,0.9009999999999999,0.7305484693877551,6177,8.6,13.4,0.3,7.1,10.3,27.0,13.728512459065227,9.402108296936603,-57.0657495641375,-257.47640337804273,7.130114176974312,15.985685547737644,2020-04-19,2020-05-23,34,16.3,32.6,16.3,0.47941176470588237
42115,0.2592512781792587,0.887,0.6834013677569846,41340,7.2,12.3,1.4,3.7,10.8,22.2,50.200637296313296,-24.164478901326927,-18.70842419688836,-168.73948873192057,8.159499669813131,2.2344460227160097,2020-04-19,2020-06-06,48,153.77,324.63,170.85999999999999,3.559583333333333
42117,0.2596236487071492,0.748,0.7429195088676671,41226,7.8,14.2,0.9,3.8,10.2,20.8,36.361790266260975,-44.8000747978263,-14.115895658356648,-223.40501792114688,12.259811558720974,15.1639904501395,2020-04-19,2020-05-23,34,34.19,39.08,4.890000000000001,0.1438235294117647
42119,0.2752388447316641,0.7870000000000001,0.6080833524158461,45114,10.3,11.3,1.8,15.8,13.6,17.2,142.78555782742583,-29.39708361231514,-14.392713247701375,-211.23484848484858,14.61644782308222,18.954193388276227,2020-04-19,2020-05-23,34,59.85,115.27,55.419999999999995,1.63
42121,0.263915454858234,0.8660000000000001,0.6861829707041288,52376,6.6,13.8,1.1,4.1,10.2,21.1,77.67649514159994,-27.495431730391175,-3.8850683740416025,-281.36983136983133,13.514104526568975,18.170756758846,2020-04-19,2020-05-23,34,11.58,15.44,3.8599999999999994,0.11352941176470586
42123,0.2693613440116965,0.858,0.6768471303027015,40035,5.3,12.7,0.7,3.2,7.4,21.7,45.28138406837631,-34.42030676632905,-10.196789884809787,-257.60169335542054,13.752717187617113,7.390337308101653,2020-04-19,2020-05-23,34,2.52,7.55,5.029999999999999,0.14794117647058821
42125,0.3257111423724308,0.884,0.605086249383933,207547,4.0,9.3,1.0,7.7,7.1,19.6,242.18181014572758,-29.215293648462442,-1.8842674375033648,-690.2945736434108,20.128396112648094,35.725995461006576,2020-04-19,2020-05-30,41,39.57,67.08,27.509999999999998,0.6709756097560975
42127,0.2772679611948374,0.908,0.6763260887667583,51536,5.9,11.6,1.0,9.2,10.2,22.9,71.02715842603345,-45.9682960608956,-0.25599317351538897,-312.904059994828,12.150399543379017,17.201710492347527,2020-04-19,2020-06-06,48,163.35,239.2,75.85,1.5802083333333332
42129,0.3183896561112059,0.845,0.6400514141641628,354751,3.8,10.0,0.6,6.1,6.0,21.6,345.07518934698913,-31.759221536977467,1.0989200342901049,-823.4319746882562,21.087078258434826,35.77278807953157,2020-04-19,2020-05-30,41,80.55,126.78,46.230000000000004,1.1275609756097562
42131,0.2628596320115975,0.908,0.6723219720024346,27588,4.8,10.5,0.9,4.3,7.1,19.7,69.43781123135147,-23.521498790131588,-12.853822728001301,-178.96708286038597,9.122807017543867,17.815589447247238,2020-04-19,2020-06-06,48,62.21,124.42,62.21,1.2960416666666668
42133,0.31362216557175804,0.867,0.623964735467459,444014,5.6,10.0,1.5,16.2,10.6,16.7,491.0542184428558,-37.009442017948736,1.9297452133273103,-556.6696642685853,18.52206612743011,31.350829627653283,2020-04-19,2020-05-30,41,107.95,224.43,116.48,2.840975609756098
53001,0.206256503434234,0.8,0.6638673557278209,19452,19.5,25.2,12.9,65.5,35.4,10.8,10.104996482316283,-75.2489689424405,0.7417934065048358,-146.30465141261146,12.301680343884339,16.991887983492767,2020-08-02,2020-09-05,34,2021.03,3424.52,1403.49,41.279117647058825
53003,0.2961506141604747,0.8420000000000001,0.5896672144617913,22337,7.3,13.0,1.9,9.1,10.0,22.2,35.116575122124274,-6.449312471643116,-5.028014261806024,-179.85785691971256,7.703238351656568,8.287826930201527,2020-08-02,2020-09-05,34,107.04,254.23,147.19,4.3291176470588235
53005,0.3183933753123195,0.8409999999999999,0.5897259674859735,194168,7.6,12.8,3.3,29.1,9.9,14.1,114.21750130040438,-19.627843271977717,4.007200631288232,-381.8297655453618,15.29374201787994,26.422017928564767,2020-08-02,2020-09-26,55,1858.56,2379.02,520.46,9.462909090909092
53007,0.2746358990733707,0.861,0.5426602756141402,75757,8.9,11.6,3.2,31.9,16.7,18.2,25.933821117640747,-3.463484900633558,1.2970816787775707,-225.5051749630359,13.212948689715908,17.865641493943727,2020-08-02,2020-09-26,55,1488.93,2695.82,1206.89,21.943454545454546
53009,0.2844518504366497,0.971,0.4763159895582533,74487,8.9,15.9,2.5,17.0,7.3,28.0,42.8411228954225,-28.529553485383865,-3.417142759105801,-183.0899830220713,8.303651735923719,14.349776227609851,2020-08-02,2020-09-05,34,124.68,286.5,161.82,4.759411764705882
53011,0.3391251164041065,0.9109999999999999,0.4618355315747402,465384,6.3,9.3,3.0,21.1,7.7,14.6,740.4873559227028,-11.969493016822257,6.098320452417981,-604.4767441860466,15.588809822798948,30.25348610415,2020-08-02,2020-09-05,34,376.12,574.11,197.99,5.823235294117647
53013,0.27074334364534913,0.8089999999999999,0.6860678276810266,4001,4.9,11.6,0.7,14.0,8.1,27.3,4.606344585360471,-164.0101203104987,7.715751908098675,-73.9069690992768,5.851102806477615,2.2044827175276005,2020-08-02,2020-09-05,34,325.65,375.75,50.10000000000002,1.4735294117647066
53015,0.2688692956339866,0.841,0.5293049111441828,105112,5.8,16.0,2.9,16.2,11.5,18.5,92.1551398533723,-6.7595988479310405,1.2308766263803606,-321.1084272678476,12.748862343572256,19.720337154025017,2020-08-02,2020-09-05,34,417.69,516.96,99.27000000000004,2.9197058823529423
53017,0.28445175760750924,0.8440000000000001,0.6178343949044586,41371,10.4,13.3,6.5,35.5,18.2,16.6,22.74053515782736,-20.01459015776196,-6.928427603880667,-195.2742837176799,9.884702944848344,15.796766125139794,2020-08-02,2020-09-26,55,1925.14,3081.65,1156.51,21.027454545454546
53019,0.2676188099313753,0.7689999999999999,0.6114968064426548,7576,8.1,18.8,5.0,26.6,13.9,24.2,3.438576546700563,-63.326664489084884,-75.98536036036037,28.688939508985047,-18.244450114825185,-19.674259321340386,2020-08-02,2020-09-05,34,237.53,356.29,118.76000000000002,3.492941176470589
53021,0.2582119598970137,0.8220000000000001,0.5567453625632378,90660,14.9,15.7,10.0,59.3,25.2,8.7,73.01895938810803,-12.379556035702365,0.17994765977952515,-295.2021031876438,13.227111785533635,24.477211689577175,2020-08-02,2020-09-26,55,3745.29,4784.31,1039.0200000000004,18.891272727272735
53023,0.292838925656629,0.855,0.6829855537720706,2224,5.4,11.6,0.6,10.4,3.3,21.8,3.1287149172536317,6.740893095752803,10.74036233148099,-28.44435250310302,4.342076261847047,-6.861145929463705,2020-08-02,2020-09-05,34,89.69,179.37,89.68,2.6376470588235295
53025,0.24481016058025035,0.8069999999999999,0.6532844140266705,94860,13.5,14.4,6.1,45.7,23.9,13.2,35.40224202421132,-13.139146660434578,-2.7772376693240037,-207.86270904474216,12.048103880773208,17.06797531437744,2020-08-02,2020-09-05,34,1370.65,2614.6,1243.9499999999998,36.586764705882345
53027,0.2829533622004277,0.875,0.4958931152395389,71967,8.4,15.9,2.2,20.4,11.1,20.3,37.85089206072204,-12.311606319020472,2.0410955496405183,-312.65984654731466,11.856799547639234,19.436108274065425,2020-08-02,2020-09-05,34,133.28,368.24,234.96,6.910588235294118
53029,0.3000324968200241,0.909,0.4306605093758745,81636,5.5,8.6,1.3,20.5,4.7,23.4,391.5174486422553,-34.995939600080014,1.6833905735016574,-498.33333333333326,12.447944006999107,26.04081236796804,2020-08-02,2020-09-05,34,292.04,333.07,41.02999999999997,1.206764705882352
53031,0.3148987822854883,0.925,0.2977411718287631,30856,6.0,13.3,1.2,11.3,5.3,34.2,17.106959817020993,-66.25984592746475,2.907513136958645,-217.20720720720715,10.527435133985543,15.798020773210544,2020-08-02,2020-09-05,34,169.41,223.75,54.34,1.5982352941176472
53033,0.4359740798483876,0.915,0.2166642129836885,2163257,5.7,9.5,3.7,39.6,7.0,12.7,1022.6720741530194,-28.31875196814203,14.50305592674538,-1690.2888888888892,18.766323024054998,37.05505489660686,2020-08-02,2020-09-05,34,707.31,919.33,212.0200000000001,6.2358823529411795
53035,0.33466202390878924,0.922,0.39429844671283903,262475,5.0,9.7,1.9,23.0,5.6,16.9,664.2758960216929,-21.136741524900714,6.656219069613986,-588.8068880688808,14.942769402568386,27.658473630227785,2020-08-02,2020-09-05,34,242.96,388.14,145.17999999999998,4.27
53037,0.2988783207531409,0.851,0.5328409390662094,44825,6.8,19.0,1.4,15.9,7.9,15.3,19.512052736228064,24.99677327299057,-10.964164280121434,-205.86271948918883,10.430629381403598,10.262039226935837,2020-08-02,2020-09-05,34,758.22,984.81,226.58999999999992,6.66441176470588
53039,0.28582964783707626,0.8200000000000001,0.5375615191754111,21396,8.1,15.0,4.9,17.8,12.2,22.7,11.431712436814552,-129.51340364167694,14.19944161204176,-384.52901720618263,13.717595535777376,16.60495897314384,2020-08-02,2020-09-05,34,488.01,824.09,336.08000000000004,9.884705882352943
53041,0.27631870497036504,0.727,0.6440012884711119,76947,8.2,14.4,2.9,16.2,12.2,20.4,32.0242745590989,-15.786066617447226,-0.06001816047659553,-197.45191881591785,10.28242289111855,14.923603881621233,2020-08-02,2020-09-05,34,238.02,453.0,214.98,6.322941176470588
53043,0.3085079452852025,0.873,0.7190617889025029,10435,5.4,12.9,1.4,8.5,8.6,25.2,4.516148860676394,-48.040244717790955,-3.178618876671301,-131.03640416047548,7.795269602251128,11.978706554677348,2020-08-02,2020-09-05,34,122.94,302.63,179.69,5.285
53045,0.2889893984264726,0.873,0.4871941010935775,62627,8.1,15.0,3.0,19.1,12.6,22.1,65.2757662234294,-39.24899569038396,6.510898190172022,-318.6274509803921,11.277297942560216,20.042322874679872,2020-08-02,2020-09-05,34,246.07,521.91,275.84,8.112941176470587
53047,0.2709714860497229,0.816,0.5622842431689193,41638,12.4,20.6,4.5,34.6,16.5,20.7,7.906677355390046,-52.87460663277657,-16.942061527242018,-35.99572751008782,0.3707545719993653,-14.447451903170824,2020-08-02,2020-09-05,34,1804.41,2397.11,592.7,17.43235294117647
53049,0.27085604883176073,0.7750000000000001,0.5001866368047779,21281,7.4,17.4,1.4,17.8,12.0,29.3,22.814766610672613,-63.712000940789096,8.22202281758749,-198.2373172828891,8.111654962048643,5.178302755857243,2020-08-02,2020-09-05,34,184.43,295.09,110.65999999999997,3.2547058823529404
53051,0.2605928987379776,0.799,0.6428991473096148,13219,7.6,15.3,4.6,11.4,10.2,25.2,9.440441258065123,-58.41102868754239,-11.647214506822305,-78.4884488448845,1.9285380495345033,-0.05759096577553155,2020-08-02,2020-09-05,34,269.12,411.15,142.02999999999997,4.17735294117647
53053,0.315185004881802,0.812,0.42132086029527815,859840,6.7,11.2,2.8,32.7,8.7,13.2,515.5510657012056,-12.003286737086215,6.497743406893443,-441.7858206732202,15.41666666666667,28.19143079479096,2020-08-02,2020-09-05,34,630.21,887.79,257.5799999999999,7.575882352941174
53055,0.32370265838061474,0.9590000000000001,0.2494895117876369,16473,7.1,11.4,3.4,11.3,4.1,31.9,94.72055535204979,-44.50862537902657,27.920715157752422,-315.39358077819617,20.578537170263765,32.877085359817144,2020-08-02,2020-09-05,34,166.79,178.7,11.909999999999997,0.3502941176470587
53057,0.2897802280359978,0.8300000000000001,0.4419668381932533,123907,7.7,12.8,5.3,25.4,10.3,19.7,71.61349939552923,-14.772939405493851,2.493906350224508,-399.8330765279917,14.43273092369478,23.400133939801318,2020-08-02,2020-09-05,34,649.62,830.33,180.71000000000004,5.315000000000001
53059,0.2983679607297023,0.84,0.5192410001773364,11620,4.7,13.5,2.8,12.1,8.6,19.2,7.007324321321268,-35.46309087852412,8.498105225331162,-454.6628061286041,14.950419527078552,19.235621139634944,2020-08-02,2020-09-05,34,450.95,519.02,68.07,2.0020588235294117
53061,0.3549429050503905,0.912,0.3748250154161784,786620,6.5,8.1,3.1,29.7,7.8,12.7,377.0013327127951,-25.76770943262628,12.078749591547751,-1040.8519153802174,17.304773730684325,34.9265246586906,2020-08-02,2020-09-05,34,718.7,901.84,183.14,5.3864705882352935
53063,0.33230480322342104,0.8300000000000001,0.4991727027098386,497875,5.6,14.4,1.8,15.1,6.3,15.4,282.25990363006537,-1.227499711832748,-1.2758143749701982,-355.52486187845307,14.25056167754359,23.394561983055812,2020-08-02,2020-09-05,34,765.57,1094.55,328.9799999999999,9.675882352941173
53065,0.2724188154156005,0.8420000000000001,0.6685628610486396,44214,7.6,15.6,2.2,13.3,9.5,21.9,17.846990535296985,-49.90399214560178,-9.899193648062708,-136.99874686716794,8.094081272084809,9.22353642562093,2020-08-02,2020-09-05,34,199.31,286.64,87.32999999999998,2.5685294117647053
53067,0.367964116210002,0.8170000000000001,0.3757360327640831,274684,5.6,11.0,1.9,24.6,6.0,16.2,380.1915019906178,-5.984234063518543,7.3158288551799115,-783.1857402361492,16.2256025560881,31.294247137005982,2020-08-02,2020-09-05,34,242.39,370.38,127.99000000000001,3.7644117647058826
53069,0.2296359694359895,0.8190000000000001,0.5699745547073791,4189,7.2,7.8,1.6,12.8,8.8,33.2,15.932676646366634,-176.17759218176806,-15.394926332114744,-25.990597716588308,-8.609656777196047,-7.951071583234197,2020-08-02,2020-09-05,34,117.15,140.58,23.430000000000007,0.6891176470588237
53071,0.29764375495835504,0.8339999999999999,0.5370392226287423,60236,8.1,13.8,2.7,28.1,12.2,17.1,47.428728595372895,-2.323003373004332,-1.444485774509514,-222.83286118980166,11.37845162235407,17.267908177885634,2020-08-02,2020-09-05,34,697.42,1308.71,611.2900000000001,17.979117647058825
53073,0.3238571339639489,0.8690000000000001,0.3701822691090788,216812,6.5,15.0,2.7,20.7,7.7,16.4,102.85704387152792,-12.222408896732711,6.331262331041751,-467.4934725848565,13.822255098805867,21.889791080011573,2020-08-02,2020-09-05,34,422.06,513.99,91.93,2.703823529411765
53075,0.3188281991924838,0.939,0.4277954348454204,48593,4.4,26.8,1.2,21.1,4.8,10.0,22.50446479842498,-52.63189403886014,-56.478173495590035,-72.40302937263331,-2.61747913921828,-12.862748727391775,2020-08-02,2020-09-05,34,182.81,1434.06,1251.25,36.8014705882353
53077,0.23867280270403976,0.883,0.5367845659163987,249325,13.5,18.2,8.1,56.3,26.9,13.2,58.05656228591817,-21.28069173312639,1.288189694482441,-223.17542846139042,12.781927357937887,17.598352094174153,2020-08-02,2020-09-26,55,4227.92,4905.55,677.6300000000001,12.320545454545456
